timestamp,epoch,loss,val_loss
2026-05-16T19:46:04,0,0.354193776845932,0.11853306740522385
2026-05-16T19:46:04,1,0.2106003612279892,0.07277635484933853
2026-05-16T19:46:04,2,0.12985774874687195,0.03879920020699501
2026-05-16T19:46:04,3,0.07232404500246048,0.018458528444170952
2026-05-16T19:46:04,4,0.0369420163333416,0.013847146183252335
2026-05-16T19:46:04,5,0.022243991494178772,0.013578232377767563
2026-05-16T19:46:04,6,0.017568090930581093,0.01346768718212843
2026-05-16T19:46:04,7,0.01580056920647621,0.013340375386178493
2026-05-16T19:46:04,8,0.014793828129768372,0.013198016211390495
2026-05-16T19:46:04,9,0.014139449223876,0.013022755272686481
2026-05-16T19:46:04,10,0.013721982017159462,0.012827157974243164
2026-05-16T19:46:04,11,0.013435653410851955,0.012589381076395512
2026-05-16T19:46:04,12,0.013013526797294617,0.0123244384303689
2026-05-16T19:46:04,13,0.012674862518906593,0.012012573890388012
2026-05-16T19:46:04,14,0.012286233715713024,0.01167203113436699
2026-05-16T19:46:04,15,0.011930559761822224,0.011282376013696194
2026-05-16T19:46:04,16,0.011448310688138008,0.010860944166779518
2026-05-16T19:46:04,17,0.01098370086401701,0.010393109172582626
2026-05-16T19:46:04,18,0.010456045158207417,0.009877515025436878
2026-05-16T19:46:04,19,0.009945478290319443,0.00933438166975975
2026-05-16T19:46:04,20,0.00936824455857277,0.008771290071308613
2026-05-16T19:46:04,21,0.008782858960330486,0.0081853698939085
2026-05-16T19:46:04,22,0.008214958012104034,0.007623512297868729
2026-05-16T19:46:04,23,0.0076371124014258385,0.007056926377117634
2026-05-16T19:46:04,24,0.007079376373440027,0.006523046642541885
2026-05-16T19:46:04,25,0.006565316580235958,0.006012465339154005
2026-05-16T19:46:04,26,0.00605363305658102,0.005534179043024778
2026-05-16T19:46:04,27,0.005592788103967905,0.005099161993712187
2026-05-16T19:46:04,28,0.005165819078683853,0.004689306486397982
2026-05-16T19:46:04,29,0.004799108020961285,0.004346438683569431
2026-05-16T19:46:04,30,0.004459256771951914,0.004030797630548477
2026-05-16T19:46:04,31,0.004202510230243206,0.003787655383348465
2026-05-16T19:46:04,32,0.003943819086998701,0.0035651125945150852
2026-05-16T19:46:04,33,0.0037372924853116274,0.003358488902449608
2026-05-16T19:46:04,34,0.003543317783623934,0.00318732182495296
2026-05-16T19:46:04,35,0.0033863885328173637,0.0030736105982214212
2026-05-16T19:46:04,36,0.0032422891817986965,0.0029102058615535498
2026-05-16T19:46:04,37,0.0031288862228393555,0.0028183693066239357
2026-05-16T19:46:04,38,0.0030321700032800436,0.002723606303334236
2026-05-16T19:46:04,39,0.002958425087854266,0.0026452476158738136
2026-05-16T19:46:04,40,0.0028740784619003534,0.002576427301391959
2026-05-16T19:46:04,41,0.0028293340001255274,0.002521802671253681
2026-05-16T19:46:04,42,0.0027510258369147778,0.002462418982759118
2026-05-16T19:46:04,43,0.0026906083803623915,0.0024031924549490213
2026-05-16T19:46:04,44,0.0026353427674621344,0.002349112182855606
2026-05-16T19:46:04,45,0.002588796429336071,0.0023109193425625563
2026-05-16T19:46:04,46,0.002557808067649603,0.0022791577503085136
2026-05-16T19:46:04,47,0.0025275007355958223,0.0022553629241883755
2026-05-16T19:46:04,48,0.002492169151082635,0.002226149896159768
2026-05-16T19:46:04,49,0.002462380565702915,0.0021895922254770994
2026-05-16T19:46:04,50,0.002443671692162752,0.0021814194042235613
2026-05-16T19:46:04,51,0.002421459648758173,0.0021453374065458775
2026-05-16T19:46:04,52,0.0024150724057108164,0.002142186975106597
2026-05-16T19:46:04,53,0.0023943798150867224,0.0021279326174408197
2026-05-16T19:46:04,54,0.002375959884375334,0.002115902490913868
2026-05-16T19:46:04,55,0.0023599546402692795,0.0020896114874631166
2026-05-16T19:46:04,56,0.002351063769310713,0.0020695561543107033
2026-05-16T19:46:04,57,0.002329800510779023,0.0020640792790800333
2026-05-16T19:46:04,58,0.0023217499256134033,0.0020588880870491266
2026-05-16T19:46:04,59,0.0023281872272491455,0.0020492253825068474
2026-05-16T19:46:04,60,0.0023182721342891455,0.002042015315964818
2026-05-16T19:46:04,61,0.002300119027495384,0.002034812932834029
2026-05-16T19:46:04,62,0.0022869252134114504,0.002021660329774022
2026-05-16T19:46:04,63,0.0022808623034507036,0.0020204014144837856
2026-05-16T19:46:04,64,0.002291346900165081,0.0020282191690057516
2026-05-16T19:46:04,65,0.002288545249029994,0.0020240165758877993
2026-05-16T19:46:04,66,0.0022798103746026754,0.002016299869865179
2026-05-16T19:46:04,67,0.002279949374496937,0.002017774386331439
2026-05-16T19:46:04,68,0.0022724075242877007,0.002018627477809787
2026-05-16T19:46:04,69,0.0022646996658295393,0.002015394391492009
2026-05-16T19:46:04,70,0.0022564164828509092,0.001995134400203824
2026-05-16T19:46:04,71,0.0022486892994493246,0.001988320844247937
2026-05-16T19:46:04,72,0.0022411802783608437,0.001977070700377226
2026-05-16T19:46:04,73,0.0022341625299304724,0.001976285595446825
2026-05-16T19:46:04,74,0.0022281180135905743,0.0019652671180665493
2026-05-16T19:46:04,75,0.0022236534859985113,0.001965760951861739
2026-05-16T19:46:04,76,0.002218686044216156,0.0019539836794137955
2026-05-16T19:46:04,77,0.0022154420148581266,0.0019616815261542797
2026-05-16T19:46:04,78,0.002212878782302141,0.001970748184248805
2026-05-16T19:46:04,79,0.002210952341556549,0.0019464998040348291
2026-05-16T19:46:04,80,0.0022102079819887877,0.0019498035544529557
2026-05-16T19:46:04,81,0.0022091136779636145,0.0019452120177447796
2026-05-16T19:46:04,82,0.0022087267134338617,0.0019510604906827211
2026-05-16T19:46:04,83,0.0022089953999966383,0.0019478537142276764
2026-05-16T19:46:04,84,0.0022074715234339237,0.0019476445158943534
2026-05-16T19:46:04,85,0.002208805875852704,0.001945371157489717
2026-05-16T19:46:04,86,0.0022076156456023455,0.0019522702787071466
2026-05-16T19:46:04,87,0.002207996090874076,0.0019508994882926345
2026-05-16T19:46:04,88,0.0022077911999076605,0.0019432035041972995
2026-05-16T19:46:04,89,0.0022087811958044767,0.0019503760850057006
2026-05-16T19:46:04,90,0.002206612378358841,0.0019460716284811497
2026-05-16T19:46:04,91,0.0022069038823246956,0.0019497866742312908
2026-05-16T19:46:04,92,0.0022073048166930676,0.0019513728329911828
2026-05-16T19:46:04,93,0.002207112731412053,0.0019459251780062914
2026-05-16T19:46:04,94,0.0022074796725064516,0.0019519479246810079
2026-05-16T19:46:04,95,0.002207578159868717,0.0019531052093952894
2026-05-16T19:46:04,96,0.002207643585279584,0.0019472716376185417
2026-05-16T19:46:04,97,0.0022073648869991302,0.0019531473517417908
2026-05-16T19:46:04,98,0.002207407495006919,0.0019504050724208355
2026-05-16T19:46:04,99,0.0022073271684348583,0.00194699561689049
2026-05-16T19:46:04,100,0.002207044744864106,0.00195487542077899
2026-05-16T19:46:04,101,0.0022077683825045824,0.0019494709558784962
2026-05-16T19:46:04,102,0.002207135083153844,0.001952500781044364
2026-05-16T19:46:04,103,0.002206901554018259,0.0019491732819005847
2026-05-16T19:46:04,104,0.0022072477731853724,0.0019519174238666892
2026-05-16T19:46:04,105,0.002206972800195217,0.0019486346282064915
2026-05-16T19:46:04,106,0.00220690225251019,0.0019513602601364255
2026-05-16T19:46:04,107,0.0022070014383643866,0.0019486397504806519
2026-05-16T19:46:04,108,0.0022069395054131746,0.001949705881997943
2026-05-16T19:46:04,109,0.002207010518759489,0.0019496489549055696
2026-05-16T19:46:04,110,0.00220623635686934,0.0019458550959825516
2026-05-16T19:46:04,111,0.0022062177304178476,0.0019452255219221115
2026-05-16T19:46:04,112,0.0022066193632781506,0.0019455836154520512
2026-05-16T19:46:04,113,0.0022061429917812347,0.0019481251947581768
2026-05-16T19:46:04,114,0.0022063113283365965,0.0019535340834409
2026-05-16T19:46:04,115,0.0022066442761570215,0.0019463254138827324
2026-05-16T19:46:04,116,0.002206327859312296,0.001950194127857685
2026-05-16T19:46:04,117,0.002206402365118265,0.001957068918272853
2026-05-16T19:46:04,118,0.002205733908340335,0.0019472693093121052
2026-05-16T19:46:04,119,0.002206881297752261,0.001947414712049067
2026-05-16T19:46:04,120,0.0022062775678932667,0.0019456073641777039
2026-05-16T19:46:04,121,0.0022063881624490023,0.0019457393791526556
2026-05-16T19:46:04,122,0.0022061262279748917,0.0019491114653646946
2026-05-16T19:46:04,123,0.0022069416008889675,0.0019487550016492605
2026-05-16T19:46:04,124,0.0022067062091082335,0.0019490629201754928
2026-05-16T19:46:04,125,0.0022064519580453634,0.001954682171344757
2026-05-16T19:46:04,126,0.0022068361286073923,0.00195305235683918
2026-05-16T19:46:04,127,0.002206337871029973,0.001946673379279673
2026-05-16T19:46:04,128,0.0022065944503992796,0.0019446001388132572
2026-05-16T19:46:04,129,0.0022063676733523607,0.001946913660503924
2026-05-16T19:46:04,130,0.002205990022048354,0.0019455348374322057
2026-05-16T19:46:04,131,0.0022060603369027376,0.0019470059778541327
2026-05-16T19:46:04,132,0.002206035889685154,0.001945758587680757
2026-05-16T19:46:04,133,0.0022060589399188757,0.0019490523263812065
2026-05-16T19:46:04,134,0.0022059555631130934,0.0019502893555909395
2026-05-16T19:46:04,135,0.0022057273890823126,0.0019501433707773685
2026-05-16T19:46:04,136,0.002205755328759551,0.001946907606907189
2026-05-16T19:46:04,137,0.0022059273906052113,0.0019469823455438018
2026-05-16T19:46:04,138,0.0022058659233152866,0.0019485666416585445
2026-05-16T19:46:04,139,0.002206246368587017,0.001949969446286559
2026-05-16T19:46:04,140,0.0022058142349123955,0.0019469208782538772
2026-05-16T19:46:04,141,0.0022060079500079155,0.0019455734873190522
2026-05-16T19:46:04,142,0.0022061399649828672,0.0019487576792016625
2026-05-16T19:46:04,143,0.002205905504524708,0.001949668163433671
2026-05-16T19:46:04,144,0.002206194680184126,0.0019456398440524936
2026-05-16T19:46:04,145,0.0022058370523154736,0.0019482759525999427
2026-05-16T19:46:04,146,0.0022055432200431824,0.001956338994204998
2026-05-16T19:46:04,147,0.002205779543146491,0.0019478464964777231
2026-05-16T19:46:04,148,0.0022058652248233557,0.0019465330988168716
2026-05-16T19:46:04,149,0.00220608152449131,0.00194593146443367
2026-05-16T19:46:04,150,0.002205420983955264,0.001946952543221414
2026-05-16T19:46:04,151,0.0022053944412618876,0.0019492442952468991
2026-05-16T19:46:04,152,0.00220509129576385,0.00194842042401433
2026-05-16T19:46:04,153,0.0022054396104067564,0.0019450095715001225
2026-05-16T19:46:04,154,0.0022053224965929985,0.0019444270292297006
2026-05-16T19:46:04,155,0.002205831464380026,0.00194657186511904
2026-05-16T19:46:04,156,0.002205246826633811,0.0019458109745755792
2026-05-16T19:46:04,157,0.002205606084316969,0.001947256620042026
2026-05-16T19:46:04,158,0.002205380005761981,0.0019520792411640286
2026-05-16T19:46:04,159,0.002205631462857127,0.0019494059961289167
2026-05-16T19:46:04,160,0.0022054656874388456,0.00194716383703053
2026-05-16T19:46:04,161,0.0022052282001823187,0.0019521776121109724
2026-05-16T19:46:04,162,0.002205197699368,0.0019473773427307606
2026-05-16T19:46:04,163,0.002205568365752697,0.0019484132062643766
2026-05-16T19:46:04,164,0.00220554880797863,0.0019493624567985535
2026-05-16T19:46:04,165,0.002205740660429001,0.0019473570864647627
2026-05-16T19:46:04,166,0.0022055618464946747,0.0019517972832545638
2026-05-16T19:46:04,167,0.0022051138803362846,0.0019473418360576034
2026-05-16T19:46:04,168,0.002205722965300083,0.0019479732727631927
2026-05-16T19:46:04,169,0.002205386059358716,0.0019462918862700462
2026-05-16T19:46:04,170,0.00220501609146595,0.001947387820109725
2026-05-16T19:46:04,171,0.0022052633576095104,0.0019512061262503266
2026-05-16T19:46:04,172,0.0022051739506423473,0.001946530770510435
2026-05-16T19:46:04,173,0.002204922493547201,0.0019444238860160112
2026-05-16T19:46:04,174,0.0022049827966839075,0.0019491740968078375
2026-05-16T19:46:04,175,0.00220512761734426,0.0019510677084326744
2026-05-16T19:46:04,176,0.002205156022682786,0.001947497483342886
2026-05-16T19:46:04,177,0.0022047157399356365,0.0019514997256919742
2026-05-16T19:46:04,178,0.002205152763053775,0.001948260236531496
2026-05-16T19:46:04,179,0.002205112250521779,0.001949595520272851
2026-05-16T19:46:04,180,0.0022051671985536814,0.0019469915423542261
2026-05-16T19:46:04,181,0.002205044263973832,0.0019466051599010825
2026-05-16T19:46:04,182,0.0022049497347325087,0.0019483364885672927
2026-05-16T19:46:04,183,0.002204977674409747,0.0019462511409074068
2026-05-16T19:46:04,184,0.0022052181884646416,0.0019490410340949893
2026-05-16T19:46:04,185,0.0022050458937883377,0.0019460772164165974
2026-05-16T19:46:04,186,0.002205286407843232,0.001949103781953454
2026-05-16T19:46:04,187,0.0022054146975278854,0.0019482477800920606
2026-05-16T19:46:04,188,0.0022054973524063826,0.0019465438090264797
2026-05-16T19:46:04,189,0.0022050144616514444,0.0019513136940076947
2026-05-16T19:46:04,190,0.0022046843077987432,0.001946843694895506
2026-05-16T19:46:04,191,0.0022048763930797577,0.0019458964234218001
2026-05-16T19:46:04,192,0.002204959047958255,0.001946001430042088
2026-05-16T19:46:04,193,0.002204606309533119,0.0019475287990644574
2026-05-16T19:46:04,194,0.0022049155086278915,0.0019452236592769623
2026-05-16T19:46:04,195,0.0022047501988708973,0.0019427479710429907
2026-05-16T19:46:04,196,0.0022050361149013042,0.0019458120223134756
2026-05-16T19:46:04,197,0.002204661024734378,0.0019501189235597849
2026-05-16T19:46:04,198,0.002204891527071595,0.0019501238130033016
2026-05-16T19:46:04,199,0.002204774646088481,0.0019453028216958046
2026-05-16T19:46:04,200,0.0022051234263926744,0.0019474816508591175
2026-05-16T19:46:04,201,0.0022048670798540115,0.0019527665572240949
2026-05-16T19:46:04,202,0.0022048726677894592,0.0019459776813164353
2026-05-16T19:46:04,203,0.0022050298284739256,0.0019454295979812741
2026-05-16T19:46:04,204,0.0022049639374017715,0.0019465324003249407
2026-05-16T19:46:04,205,0.0022050149273127317,0.001947810291312635
2026-05-16T19:46:04,206,0.0022048389073461294,0.001944987801834941
2026-05-16T19:46:04,207,0.0022047609090805054,0.0019447089871391654
2026-05-16T19:46:04,208,0.0022049706894904375,0.0019471157575026155
2026-05-16T19:46:04,209,0.0022049860563129187,0.0019447989761829376
2026-05-16T19:46:04,210,0.0022045120131224394,0.001945009222254157
2026-05-16T19:46:04,211,0.002204732969403267,0.0019457752350717783
2026-05-16T19:46:04,212,0.0022046277299523354,0.001947290962561965
2026-05-16T19:46:04,213,0.0022047546226531267,0.00194736965931952
2026-05-16T19:46:04,214,0.0022045723162591457,0.0019489146070554852
2026-05-16T19:46:04,215,0.002204598393291235,0.0019448436796665192
2026-05-16T19:46:04,216,0.0022045024670660496,0.0019460138864815235
2026-05-16T19:46:04,217,0.002204538555815816,0.00194508396089077
2026-05-16T19:46:04,218,0.0022045995574444532,0.0019469993421807885
2026-05-16T19:46:04,219,0.0022046722006052732,0.0019463893258944154
2026-05-16T19:46:04,220,0.002204601652920246,0.0019458093447610736
2026-05-16T19:46:04,221,0.002204522956162691,0.001946935779415071
2026-05-16T19:46:04,222,0.0022046531084924936,0.0019457349553704262
2026-05-16T19:46:04,223,0.0022044959478080273,0.0019474303117021918
2026-05-16T19:46:04,224,0.002204673830419779,0.0019489736296236515
2026-05-16T19:46:04,225,0.002204598393291235,0.0019458720926195383
2026-05-16T19:46:04,226,0.002204686403274536,0.0019453344866633415
2026-05-16T19:46:04,227,0.002204524353146553,0.0019452754640951753
2026-05-16T19:46:04,228,0.0022047129459679127,0.0019480951596051455
2026-05-16T19:46:04,229,0.0022045362275093794,0.0019458266906440258
2026-05-16T19:46:04,230,0.002204487333074212,0.0019473936408758163
2026-05-16T19:46:04,231,0.0022044978104531765,0.0019462279742583632
2026-05-16T19:46:04,232,0.002204206306487322,0.001946157542988658
2026-05-16T19:46:04,233,0.002204518299549818,0.0019461639458313584
2026-05-16T19:46:04,234,0.002204344142228365,0.0019476026063784957
2026-05-16T19:46:04,235,0.002204303164035082,0.0019464477663859725
2026-05-16T19:46:04,236,0.0022044768556952477,0.0019463039934635162
2026-05-16T19:46:04,237,0.002204506192356348,0.0019468393875285983
2026-05-16T19:46:04,238,0.0022044372744858265,0.0019471968989819288
2026-05-16T19:46:04,239,0.002204663585871458,0.001946454867720604
2026-05-16T19:46:04,240,0.002204371616244316,0.0019463255302980542
2026-05-16T19:46:04,241,0.0022043860517442226,0.0019493196159601212
2026-05-16T19:46:04,242,0.002204407472163439,0.0019470233237370849
2026-05-16T19:46:04,243,0.0022043916396796703,0.0019465211080387235
2026-05-16T19:46:04,244,0.002204395132139325,0.001945136347785592
2026-05-16T19:46:04,245,0.0022044568322598934,0.0019474402070045471
2026-05-16T19:46:04,246,0.0022045422811061144,0.0019470439292490482
2026-05-16T19:46:04,247,0.002204443560913205,0.0019477452151477337
2026-05-16T19:46:04,248,0.0022044763900339603,0.0019463666249066591
2026-05-16T19:46:04,249,0.0022043746430426836,0.0019441695185378194
2026-05-16T19:46:04,250,0.00220436486415565,0.0019469938706606627
2026-05-16T19:46:04,251,0.002204382559284568,0.0019458598690107465
2026-05-16T19:46:04,252,0.0022042314521968365,0.0019463661592453718
2026-05-16T19:46:04,253,0.002204418880864978,0.0019458929309621453
2026-05-16T19:46:04,254,0.002204310381785035,0.0019477609312161803
2026-05-16T19:46:04,255,0.0022043364588171244,0.0019461825722828507
2026-05-16T19:46:04,256,0.0022042461205273867,0.0019457056187093258
2026-05-16T19:46:04,257,0.0022041788324713707,0.001945488271303475
2026-05-16T19:46:04,258,0.002204303164035082,0.0019471646519377828
2026-05-16T19:46:04,259,0.002204343443736434,0.0019471108680590987
2026-05-16T19:46:04,260,0.0022041795309633017,0.0019467626698315144
2026-05-16T19:46:04,261,0.002204390475526452,0.0019448581151664257
2026-05-16T19:46:04,262,0.002204334596171975,0.0019447032827883959
2026-05-16T19:46:04,263,0.002204258693382144,0.0019464966608211398
2026-05-16T19:46:04,264,0.0022043325006961823,0.0019467317033559084
2026-05-16T19:46:04,265,0.002204218413680792,0.0019465620862320065
2026-05-16T19:46:04,266,0.0022042514756321907,0.0019470289116725326
2026-05-16T19:46:04,267,0.002204224467277527,0.0019458988681435585
2026-05-16T19:46:04,268,0.0022042926866561174,0.0019468272803351283
2026-05-16T19:46:04,269,0.002204399323090911,0.0019470877014100552
2026-05-16T19:46:04,270,0.0022040619514882565,0.0019457291346043348
2026-05-16T19:46:04,271,0.002204177202656865,0.0019476969027891755
2026-05-16T19:46:04,272,0.002204221673309803,0.0019470459083095193
2026-05-16T19:46:04,273,0.0022041769698262215,0.0019448422826826572
2026-05-16T19:46:04,274,0.002204198855906725,0.0019470739644020796
2026-05-16T19:46:04,275,0.002204166492447257,0.0019464697688817978
2026-05-16T19:46:04,276,0.002204123418778181,0.001947977812960744
2026-05-16T19:46:04,277,0.0022041054908186197,0.0019454091088846326
2026-05-16T19:46:04,278,0.0022041297052055597,0.001948273042216897
2026-05-16T19:46:04,279,0.002204201417043805,0.0019472516141831875
2026-05-16T19:46:04,280,0.002204272197559476,0.0019455314613878727
2026-05-16T19:46:04,281,0.0022041923366487026,0.0019455297151580453
2026-05-16T19:46:04,282,0.0022042016498744488,0.0019457688322290778
2026-05-16T19:46:04,283,0.002204243326559663,0.0019458314636722207
2026-05-16T19:46:04,284,0.002204221673309803,0.0019449259852990508
2026-05-16T19:46:04,285,0.0022040584590286016,0.0019449633546173573
2026-05-16T19:46:04,286,0.002204269403591752,0.0019459977047517896
2026-05-16T19:46:04,287,0.0022041930351406336,0.001946222735568881
2026-05-16T19:46:04,288,0.0022041192278265953,0.001946816104464233
2026-05-16T19:46:04,289,0.0022041837219148874,0.0019478858448565006
2026-05-16T19:46:04,290,0.002204089192673564,0.0019461812917143106
2026-05-16T19:46:04,291,0.002204040065407753,0.001946353237144649
2026-05-16T19:46:04,292,0.002204190008342266,0.0019465199438855052
2026-05-16T19:46:04,293,0.002204077085480094,0.0019451387925073504
2026-05-16T19:46:04,294,0.0022040936164557934,0.0019464330980554223
2026-05-16T19:46:04,295,0.0022040631156414747,0.0019463322823867202
2026-05-16T19:46:04,296,0.0022040510084480047,0.0019463027128949761
2026-05-16T19:46:04,297,0.0022041061893105507,0.0019463361240923405
2026-05-16T19:46:04,298,0.0022041366901248693,0.001945588504895568
2026-05-16T19:46:04,299,0.0022040228359401226,0.001945533324033022
2026-05-16T19:46:04,300,0.0022039986215531826,0.0019459406612440944
2026-05-16T19:46:04,301,0.0022040444891899824,0.0019472023705020547
2026-05-16T19:46:04,302,0.0022041425108909607,0.0019460940966382623
2026-05-16T19:46:04,303,0.0022040805779397488,0.0019473901484161615
2026-05-16T19:46:04,304,0.002204107353463769,0.0019450380932539701
2026-05-16T19:46:04,305,0.0022040577605366707,0.0019465982913970947
2026-05-16T19:46:04,306,0.0022041131742298603,0.0019464022479951382
2026-05-16T19:46:04,307,0.002204019809141755,0.001945030060596764
2026-05-16T19:46:04,308,0.0022040035109966993,0.001944278017617762
2026-05-16T19:46:04,309,0.002204115968197584,0.0019459114409983158
2026-05-16T19:46:04,310,0.002203982090577483,0.0019460901385173202
2026-05-16T19:46:04,311,0.0022039737086743116,0.001945158583112061
2026-05-16T19:46:04,312,0.0022039732430130243,0.0019461940973997116
2026-05-16T19:46:04,313,0.0022040887270122766,0.001946074771694839
2026-05-16T19:46:04,314,0.0022040028125047684,0.001946345204487443
2026-05-16T19:46:04,315,0.002203945303335786,0.0019464341457933187
2026-05-16T19:46:04,316,0.002203966025263071,0.0019464973593130708
2026-05-16T19:46:04,317,0.002203923650085926,0.00194602704141289
2026-05-16T19:46:04,318,0.0022039974573999643,0.0019471885170787573
2026-05-16T19:46:04,319,0.00220401375554502,0.0019461805932223797
2026-05-16T19:46:04,320,0.0022039334289729595,0.0019459540490061045
2026-05-16T19:46:04,321,0.0022039292380213737,0.0019470715196803212
2026-05-16T19:46:04,322,0.002204036572948098,0.001945551368407905
2026-05-16T19:46:04,323,0.0022040321491658688,0.0019458208698779345
2026-05-16T19:46:04,324,0.0022039662580937147,0.0019461163319647312
2026-05-16T19:46:04,325,0.002203993033617735,0.0019462158670648932
2026-05-16T19:46:04,326,0.0022040181793272495,0.0019457403104752302
2026-05-16T19:46:04,327,0.002203954616561532,0.0019461868796497583
2026-05-16T19:46:04,328,0.002203921088948846,0.0019458017777651548
2026-05-16T19:46:04,329,0.002203904325142503,0.001946115866303444
2026-05-16T19:46:04,330,0.0022039597388356924,0.0019464560318738222
2026-05-16T19:46:04,331,0.0022039287723600864,0.0019462130730971694
2026-05-16T19:46:04,332,0.0022038689348846674,0.0019459855975583196
2026-05-16T19:46:04,333,0.00220391433686018,0.001946170348674059
2026-05-16T19:46:04,334,0.0022039185278117657,0.0019464022479951382
2026-05-16T19:46:04,335,0.0022039019968360662,0.0019456784939393401
2026-05-16T19:46:04,336,0.002203903626650572,0.0019460147013887763
2026-05-16T19:46:04,337,0.002203943906351924,0.0019462459022179246
2026-05-16T19:46:04,338,0.002203935757279396,0.0019454642897471786
2026-05-16T19:46:04,339,0.0022039313334971666,0.0019452545093372464
2026-05-16T19:46:04,340,0.0022039441391825676,0.0019467051606625319
2026-05-16T19:46:04,341,0.0022038945462554693,0.001946637756191194
2026-05-16T19:46:04,342,0.0022038971073925495,0.0019467755919322371
2026-05-16T19:46:04,343,0.002203927841037512,0.0019449507817626
2026-05-16T19:46:04,344,0.0022039711475372314,0.0019466219237074256
2026-05-16T19:46:04,345,0.0022039019968360662,0.001946327625773847
2026-05-16T19:46:04,346,0.00220390222966671,0.0019468868849799037
2026-05-16T19:46:04,347,0.0022039839532226324,0.0019461781485006213
2026-05-16T19:46:04,348,0.002203916432335973,0.0019455093424767256
2026-05-16T19:46:04,349,0.002203881973400712,0.0019456848967820406
2026-05-16T19:46:04,350,0.002203877316787839,0.0019455417059361935
2026-05-16T19:46:04,351,0.002203815383836627,0.0019464785000309348
2026-05-16T19:46:04,352,0.002203898737207055,0.001946129952557385
2026-05-16T19:46:04,353,0.0022038354072719812,0.0019457921152934432
2026-05-16T19:46:04,354,0.002203824697062373,0.001945215743035078
2026-05-16T19:46:04,355,0.0022038815077394247,0.0019461747724562883
2026-05-16T19:46:04,356,0.0022038216702640057,0.0019453184213489294
2026-05-16T19:46:04,357,0.0022038351744413376,0.0019460230832919478
2026-05-16T19:46:04,358,0.0022038614843040705,0.0019462874624878168
2026-05-16T19:46:04,359,0.0022038700990378857,0.001946588745340705
2026-05-16T19:46:04,360,0.0022039052564650774,0.001945778843946755
2026-05-16T19:46:04,361,0.0022038815077394247,0.001945598516613245
2026-05-16T19:46:04,362,0.002203861018642783,0.001945539377629757
2026-05-16T19:46:04,363,0.0022038351744413376,0.0019465371733531356
2026-05-16T19:46:04,364,0.002203873358666897,0.0019464613869786263
2026-05-16T19:46:04,365,0.0022038621827960014,0.001946012256667018
2026-05-16T19:46:04,366,0.0022038808092474937,0.0019453943241387606
2026-05-16T19:46:04,367,0.002203887328505516,0.0019455936271697283
2026-05-16T19:46:04,368,0.002203878480941057,0.0019452722044661641
2026-05-16T19:46:04,369,0.0022038803435862064,0.0019453284330666065
2026-05-16T19:46:04,370,0.0022037983871996403,0.0019454838475212455
2026-05-16T19:46:04,371,0.0022038144525140524,0.0019450407708063722
2026-05-16T19:46:04,372,0.0022038130555301905,0.0019452371634542942
2026-05-16T19:46:04,373,0.0022038451861590147,0.0019453655695542693
2026-05-16T19:46:04,374,0.002203830052167177,0.0019456495065242052
2026-05-16T19:46:04,375,0.0022038305178284645,0.0019453890854492784
2026-05-16T19:46:04,376,0.0022038070019334555,0.0019456023583188653
2026-05-16T19:46:04,377,0.002203812822699547,0.0019461971241980791
2026-05-16T19:46:04,378,0.0022037597373127937,0.0019454075954854488
2026-05-16T19:46:04,379,0.0022037981543689966,0.0019453630084171891
2026-05-16T19:46:04,380,0.0022038393653929234,0.0019466417143121362
2026-05-16T19:46:04,381,0.0022038319148123264,0.0019464674405753613
2026-05-16T19:46:04,382,0.0022038028109818697,0.0019457731395959854
2026-05-16T19:46:04,383,0.00220380793325603,0.0019451212137937546
2026-05-16T19:46:04,384,0.0022037909366190434,0.0019452135311439633
2026-05-16T19:46:04,385,0.002203816780820489,0.0019456646405160427
2026-05-16T19:46:04,386,0.0022038337774574757,0.0019458309980109334
2026-05-16T19:46:04,387,0.0022038223687559366,0.00194638897664845
2026-05-16T19:46:04,388,0.0022037934977561235,0.0019459972390905023
2026-05-16T19:46:04,389,0.0022037746384739876,0.0019459385657683015
2026-05-16T19:46:04,390,0.0022037813905626535,0.0019463009666651487
2026-05-16T19:46:04,391,0.0022037788294255733,0.0019454710418358445
2026-05-16T19:46:04,392,0.0022037792950868607,0.001945885713212192
2026-05-16T19:46:04,393,0.0022037869784981012,0.001946084201335907
2026-05-16T19:46:04,394,0.0022037653252482414,0.0019452745327726007
2026-05-16T19:46:04,395,0.002203784417361021,0.0019449280807748437
2026-05-16T19:46:04,396,0.0022037874441593885,0.0019456144655123353
2026-05-16T19:46:04,397,0.0022037567105144262,0.0019459828035905957
2026-05-16T19:46:04,398,0.00220378115773201,0.0019454932771623135
2026-05-16T19:46:04,399,0.0022037543822079897,0.0019463665084913373
2026-05-16T19:46:04,400,0.0022037627641111612,0.0019461211049929261
2026-05-16T19:46:04,401,0.0022037611342966557,0.001945681287907064
2026-05-16T19:46:04,402,0.0022037967573851347,0.0019454172579571605
2026-05-16T19:46:04,403,0.0022037706803530455,0.001945814467035234
2026-05-16T19:46:04,404,0.0022037734743207693,0.0019455081783235073
2026-05-16T19:46:04,405,0.0022037557791918516,0.0019457692978903651
2026-05-16T19:46:04,406,0.002203769749030471,0.0019457708112895489
2026-05-16T19:46:04,407,0.002203742042183876,0.001946086180396378
2026-05-16T19:46:04,408,0.002203760901466012,0.0019458751194179058
2026-05-16T19:46:04,409,0.00220379326492548,0.0019458206370472908
2026-05-16T19:46:04,410,0.0022037317976355553,0.0019456635927781463
2026-05-16T19:46:04,411,0.0022037324961274862,0.0019460198236629367
2026-05-16T19:46:04,412,0.0022037329617887735,0.0019464087672531605
2026-05-16T19:46:04,413,0.002203738084062934,0.0019460591720417142
2026-05-16T19:46:04,414,0.002203746233135462,0.0019454770954325795
2026-05-16T19:46:04,415,0.002203752752393484,0.0019456909503787756
2026-05-16T19:46:04,416,0.002203734125941992,0.0019456649897620082
2026-05-16T19:46:04,417,0.002203739481046796,0.0019454549765214324
2026-05-16T19:46:04,418,0.002203738782554865,0.0019457925809547305
2026-05-16T19:46:04,419,0.0022037350572645664,0.001945606549270451
2026-05-16T19:46:04,420,0.0022037257440388203,0.001946214702911675
2026-05-16T19:46:04,421,0.0022037443704903126,0.001945554162375629
2026-05-16T19:46:04,422,0.002203748794272542,0.0019454185385257006
2026-05-16T19:46:04,423,0.0022037385497242212,0.0019457575399428606
2026-05-16T19:46:04,424,0.002203743439167738,0.0019458062015473843
2026-05-16T19:46:04,425,0.0022037457674741745,0.001945764059200883
2026-05-16T19:46:04,426,0.0022037369199097157,0.0019455980509519577
2026-05-16T19:46:04,427,0.0022037087474018335,0.001946200616657734
2026-05-16T19:46:04,428,0.0022037504240870476,0.001945808413438499
2026-05-16T19:46:04,429,0.002203745301812887,0.0019460545154288411
2026-05-16T19:46:04,430,0.0022037059534341097,0.001945619354955852
2026-05-16T19:46:04,431,0.00220369640737772,0.0019454486900940537
2026-05-16T19:46:04,432,0.002203698270022869,0.0019457892049103975
2026-05-16T19:46:04,433,0.002203722484409809,0.0019458093447610736
2026-05-16T19:46:04,434,0.0022037154994904995,0.0019458566093817353
2026-05-16T19:46:04,435,0.0022037143353372812,0.0019456555601209402
2026-05-16T19:46:04,436,0.0022037040907889605,0.0019458876922726631
2026-05-16T19:46:04,437,0.002203691052272916,0.0019457555608823895
2026-05-16T19:46:04,438,0.002203691750764847,0.0019458200549706817
2026-05-16T19:46:04,439,0.0022037122398614883,0.0019458465976640582
2026-05-16T19:46:04,440,0.002203703625127673,0.0019457017770037055
2026-05-16T19:46:04,441,0.002203700365498662,0.0019454201683402061
2026-05-16T19:46:04,442,0.0022037115413695574,0.0019456121372058988
2026-05-16T19:46:04,443,0.0022037166636437178,0.001945629483088851
2026-05-16T19:46:04,444,0.002203716430813074,0.0019458294846117496
2026-05-16T19:46:04,445,0.0022037019953131676,0.0019456037553027272
2026-05-16T19:46:04,446,0.00220370851457119,0.0019460428738966584
2026-05-16T19:46:04,447,0.0022037115413695574,0.0019460817566141486
2026-05-16T19:46:04,448,0.0022036987356841564,0.0019457415910437703
2026-05-16T19:46:04,449,0.0022037208545953035,0.001945952302776277
2026-05-16T19:46:04,450,0.0022036766167730093,0.0019456350710242987
2026-05-16T19:46:04,451,0.0022037022281438112,0.0019455860601738095
2026-05-16T19:46:04,452,0.0022036717273294926,0.001945792930200696
2026-05-16T19:46:04,453,0.0022036803420633078,0.0019457483431324363
2026-05-16T19:46:04,454,0.0022036798764020205,0.0019458732567727566
2026-05-16T19:46:04,455,0.0022036989685148,0.001945912721566856
2026-05-16T19:46:04,456,0.0022036873269826174,0.0019456688314676285
2026-05-16T19:46:04,457,0.0022036891896277666,0.001945634139701724
2026-05-16T19:46:04,458,0.0022036798764020205,0.0019457759335637093
2026-05-16T19:46:04,459,0.0022036756854504347,0.0019457803573459387
2026-05-16T19:46:04,460,0.0022036877926439047,0.0019457644084468484
2026-05-16T19:46:04,461,0.0022036770824342966,0.0019457001471892
2026-05-16T19:46:04,462,0.002203688258305192,0.001945842639543116
2026-05-16T19:46:04,463,0.0022036742884665728,0.0019457542803138494
2026-05-16T19:46:04,464,0.002203697571530938,0.001945747178979218
2026-05-16T19:46:04,465,0.0022036689333617687,0.0019458362367004156
2026-05-16T19:46:04,466,0.002203677548095584,0.0019458307651802897
2026-05-16T19:46:04,467,0.002203668700531125,0.0019457679009065032
2026-05-16T19:46:04,468,0.0022036817390471697,0.0019457571906968951
2026-05-16T19:46:04,469,0.0022036998998373747,0.0019458949100226164
2026-05-16T19:46:04,470,0.00220366264693439,0.0019457607995718718
2026-05-16T19:46:04,471,0.002203655894845724,0.0019458194728940725
2026-05-16T19:46:04,472,0.0022036589216440916,0.0019456690642982721
2026-05-16T19:46:04,473,0.002203655196353793,0.0019456790760159492
2026-05-16T19:46:04,474,0.0022036589216440916,0.0019457844318822026
2026-05-16T19:46:04,475,0.0022036582231521606,0.0019456992158666253
2026-05-16T19:46:04,476,0.002203656593337655,0.0019457772141322494
2026-05-16T19:46:04,477,0.002203658688813448,0.0019457379821687937
2026-05-16T19:46:04,478,0.0022036603186279535,0.0019457194721326232
2026-05-16T19:46:04,479,0.0022036717273294926,0.001945768017321825
2026-05-16T19:46:04,480,0.0022036638110876083,0.0019457535818219185
2026-05-16T19:46:04,481,0.0022036698646843433,0.0019457358866930008
2026-05-16T19:46:04,482,0.002203660784289241,0.001945814467035234
2026-05-16T19:46:04,483,0.0022036677692085505,0.0019457291346043348
2026-05-16T19:46:04,484,0.0022036628797650337,0.0019457642920315266
2026-05-16T19:46:04,485,0.002203665440902114,0.001945846015587449
2026-05-16T19:46:04,486,0.0022036649752408266,0.0019459085306152701
2026-05-16T19:46:04,487,0.0022036642767488956,0.001945710158906877
2026-05-16T19:46:04,488,0.002203657291829586,0.0019458795432001352
2026-05-16T19:46:04,489,0.0022036752197891474,0.0019458213355392218
2026-05-16T19:46:04,490,0.002203649841248989,0.0019458966562524438
2026-05-16T19:46:04,491,0.0022036456502974033,0.0019458227325230837
2026-05-16T19:46:04,492,0.002203643321990967,0.001945839961990714
2026-05-16T19:46:04,493,0.0022036621812731028,0.0019458647584542632
2026-05-16T19:46:04,494,0.0022036507725715637,0.0019458471797406673
2026-05-16T19:46:04,495,0.0022036584559828043,0.001945819822140038
2026-05-16T19:46:04,496,0.002203659387305379,0.0019459037575870752
2026-05-16T19:46:04,497,0.0022036524023860693,0.0019458606839179993
2026-05-16T19:46:04,498,0.0022036496084183455,0.0019458781462162733
2026-05-16T19:46:04,499,0.002203646581619978,0.0019457840826362371
2026-05-16T19:46:04,500,0.002203652635216713,0.0019456996815279126
2026-05-16T19:46:04,501,0.002203647280111909,0.0019457595190033317
2026-05-16T19:46:04,502,0.002203649142757058,0.0019456932786852121
2026-05-16T19:46:04,503,0.0022036570589989424,0.0019456883892416954
2026-05-16T19:46:04,504,0.002203660551458597,0.001945819123648107
2026-05-16T19:46:04,505,0.0022036510054022074,0.0019458646420389414
2026-05-16T19:46:04,506,0.0022036575246602297,0.0019457486923784018
2026-05-16T19:46:04,507,0.0022036568261682987,0.001945698051713407
2026-05-16T19:46:04,508,0.002203648444265127,0.0019458732567727566
2026-05-16T19:46:04,509,0.0022036589216440916,0.0019458640599623322
2026-05-16T19:46:04,510,0.0022036631125956774,0.0019456683658063412
2026-05-16T19:46:04,511,0.0022036561276763678,0.0019456754671409726
2026-05-16T19:46:04,512,0.002203652635216713,0.0019456937443464994
2026-05-16T19:46:04,513,0.0022036537993699312,0.0019457594025880098
2026-05-16T19:46:04,514,0.0022036514710634947,0.001945770112797618
2026-05-16T19:46:04,515,0.0022036510054022074,0.0019457335583865643
2026-05-16T19:46:04,516,0.002203652635216713,0.001945742522366345
2026-05-16T19:46:04,517,0.0022036514710634947,0.001945764059200883
2026-05-16T19:46:04,518,0.002203654032200575,0.0019457126036286354
2026-05-16T19:46:04,519,0.0022036537993699312,0.0019458105089142919
2026-05-16T19:46:04,520,0.002203655429184437,0.0019458058523014188
2026-05-16T19:46:04,521,0.0022036496084183455,0.0019458234310150146
2026-05-16T19:46:04,522,0.0022036577574908733,0.0019457190064713359
2026-05-16T19:46:04,523,0.002203661948442459,0.0019457695307210088
2026-05-16T19:46:04,524,0.002203656593337655,0.0019458342576399446
2026-05-16T19:46:04,525,0.0022036477457731962,0.0019458571914583445
2026-05-16T19:46:04,526,0.002203655894845724,0.0019458293681964278
2026-05-16T19:46:04,527,0.002203652635216713,0.0019458419410511851
2026-05-16T19:46:04,528,0.0022036477457731962,0.001945827854797244
2026-05-16T19:46:04,529,0.00220364797860384,0.0019457213347777724
2026-05-16T19:46:04,530,0.002203660551458597,0.0019457068992778659
2026-05-16T19:46:04,531,0.0022036482114344835,0.0019456868758425117
2026-05-16T19:46:04,532,0.002203648677095771,0.001945768017321825
2026-05-16T19:46:04,533,0.0022036477457731962,0.0019457150483503938
2026-05-16T19:46:04,534,0.0022036503069102764,0.0019457347225397825
2026-05-16T19:46:04,535,0.0022036563605070114,0.0019457257585600019
2026-05-16T19:46:04,536,0.0022036596201360226,0.0019457816379144788
2026-05-16T19:46:04,537,0.002203655894845724,0.0019457704620435834
2026-05-16T19:46:04,538,0.00220365053974092,0.0019457025919109583
2026-05-16T19:46:04,539,0.0022036596201360226,0.001945793628692627
2026-05-16T19:46:04,540,0.0022036510054022074,0.0019457547459751368
2026-05-16T19:46:04,541,0.0022036475129425526,0.0019457804737612605
2026-05-16T19:46:04,542,0.002203659387305379,0.0019457947928458452
2026-05-16T19:46:04,543,0.0022036589216440916,0.0019456734880805016
2026-05-16T19:46:04,544,0.0022036514710634947,0.0019457166781648993
2026-05-16T19:46:04,545,0.0022036517038941383,0.0019457178423181176
2026-05-16T19:46:04,546,0.0022036524023860693,0.0019457339076325297
2026-05-16T19:46:04,547,0.0022036549635231495,0.0019458355382084846
2026-05-16T19:46:04,548,0.0022036542650312185,0.001945764059200883
2026-05-16T19:46:04,549,0.0022036500740796328,0.0019458270398899913
2026-05-16T19:46:04,550,0.0022036435548216105,0.0019459050381556153
2026-05-16T19:46:04,551,0.0022036528680473566,0.0019457879243418574
2026-05-16T19:46:04,552,0.0022036556620150805,0.0019458100432530046
2026-05-16T19:46:04,553,0.0022036496084183455,0.0019458913011476398
2026-05-16T19:46:04,554,0.002203651238232851,0.0019458706956356764
2026-05-16T19:46:04,555,0.0022036542650312185,0.0019457582384347916
2026-05-16T19:46:04,556,0.002203654730692506,0.0019457245944067836
2026-05-16T19:46:04,557,0.0022036510054022074,0.001945770112797618
2026-05-16T19:46:04,558,0.002203647280111909,0.0019456403097137809
2026-05-16T19:46:04,559,0.002203661482781172,0.0019457130692899227
2026-05-16T19:46:04,560,0.0022036496084183455,0.001945659052580595
2026-05-16T19:46:04,561,0.002203656593337655,0.0019457211019471288
2026-05-16T19:46:04,562,0.002203655894845724,0.001945766038261354
2026-05-16T19:46:04,563,0.0022036531008780003,0.0019456642912700772
2026-05-16T19:46:04,564,0.002203649375587702,0.0019457013113424182
2026-05-16T19:46:04,565,0.0022036621812731028,0.0019457365851849318
2026-05-16T19:46:04,566,0.0022036577574908733,0.0019457864109426737
2026-05-16T19:46:04,567,0.002203649375587702,0.0019456350710242987
2026-05-16T19:46:04,568,0.002203657291829586,0.001945797703228891
2026-05-16T19:46:04,569,0.0022036531008780003,0.0019457206362858415
2026-05-16T19:46:04,570,0.002203655196353793,0.0019456809386610985
2026-05-16T19:46:04,571,0.0022036521695554256,0.0019457796588540077
2026-05-16T19:46:04,572,0.0022036482114344835,0.0019457780290395021
2026-05-16T19:46:04,573,0.002203655894845724,0.0019457610324025154
2026-05-16T19:46:04,574,0.002203651936724782,0.0019456868758425117
2026-05-16T19:46:04,575,0.0022036521695554256,0.001945812487974763
2026-05-16T19:46:04,576,0.0022036496084183455,0.0019457434536889195
2026-05-16T19:46:04,577,0.0022036428563296795,0.001945879659615457
2026-05-16T19:46:04,578,0.0022036570589989424,0.0019459013128653169
2026-05-16T19:46:04,579,0.002203649841248989,0.0019459080649539828
2026-05-16T19:46:04,580,0.00220366264693439,0.0019457112066447735
2026-05-16T19:46:04,581,0.0022036447189748287,0.0019456970039755106
2026-05-16T19:46:04,582,0.0022036563605070114,0.00194574857596308
2026-05-16T19:46:04,583,0.0022036489099264145,0.0019458808237686753
2026-05-16T19:46:04,584,0.0022036535665392876,0.0019457945600152016
2026-05-16T19:46:04,585,0.002203654032200575,0.0019458683673292398
2026-05-16T19:46:04,586,0.002203664043918252,0.0019458940951153636
2026-05-16T19:46:04,587,0.0022036568261682987,0.001945885713212192
2026-05-16T19:46:04,588,0.002203652635216713,0.001945836702361703
2026-05-16T19:46:04,589,0.002203646581619978,0.0019458479946479201
2026-05-16T19:46:04,590,0.0022036582231521606,0.0019458681344985962
2026-05-16T19:46:04,591,0.0022036461159586906,0.0019458768656477332
2026-05-16T19:46:04,592,0.0022036624141037464,0.0019458896713331342
2026-05-16T19:46:04,593,0.0022036570589989424,0.0019458852475509048
2026-05-16T19:46:04,594,0.0022036524023860693,0.0019458631286397576
2026-05-16T19:46:04,595,0.002203641925007105,0.001945891766808927
2026-05-16T19:46:04,596,0.002203653333708644,0.0019458134192973375
2026-05-16T19:46:04,597,0.002203646581619978,0.0019459036411717534
2026-05-16T19:46:04,598,0.00220365053974092,0.0019456881564110518
2026-05-16T19:46:04,599,0.0022036577574908733,0.001945747877471149
2026-05-16T19:46:04,600,0.002203654032200575,0.0019457415910437703
2026-05-16T19:46:04,601,0.0022036528680473566,0.0019457308808341622
2026-05-16T19:46:04,602,0.0022036584559828043,0.0019458860624581575
2026-05-16T19:46:04,603,0.0022036475129425526,0.0019456425216048956
2026-05-16T19:46:04,604,0.002203657990321517,0.0019456970039755106
2026-05-16T19:46:04,605,0.002203654032200575,0.0019457008456811309
2026-05-16T19:46:04,606,0.0022036582231521606,0.0019456909503787756
2026-05-16T19:46:04,607,0.0022036500740796328,0.0019458358874544501
2026-05-16T19:46:04,608,0.00220364797860384,0.0019458322785794735
2026-05-16T19:46:04,609,0.0022036517038941383,0.0019459101604297757
2026-05-16T19:46:04,610,0.0022036482114344835,0.0019458692986518145
2026-05-16T19:46:04,611,0.00220366008579731,0.0019457763992249966
2026-05-16T19:46:04,612,0.0022036449518054724,0.0019456776790320873
2026-05-16T19:46:04,613,0.002203655429184437,0.001945790951140225
2026-05-16T19:46:04,614,0.002203649142757058,0.0019458566093817353
2026-05-16T19:46:04,615,0.0022036489099264145,0.001945722964592278
2026-05-16T19:46:04,616,0.002203655429184437,0.0019456546287983656
2026-05-16T19:46:04,617,0.0022036507725715637,0.0019457917660474777
2026-05-16T19:46:04,618,0.002203645883128047,0.0019458908354863524
2026-05-16T19:46:04,619,0.002203651936724782,0.001945798983797431
2026-05-16T19:46:04,620,0.0022036563605070114,0.0019457853632047772
2026-05-16T19:46:04,621,0.0022036582231521606,0.0019457776797935367
2026-05-16T19:46:04,622,0.0022036570589989424,0.0019456297159194946
2026-05-16T19:46:04,623,0.0022036537993699312,0.0019458369351923466
2026-05-16T19:46:04,624,0.002203657990321517,0.0019457383314147592
2026-05-16T19:46:04,625,0.0022036589216440916,0.001945911324582994
2026-05-16T19:46:04,626,0.0022036542650312185,0.0019459174945950508
2026-05-16T19:46:04,627,0.00220364797860384,0.0019457460148259997
2026-05-16T19:46:04,628,0.0022036645095795393,0.001945679192431271
2026-05-16T19:46:04,629,0.0022036517038941383,0.0019458984024822712
2026-05-16T19:46:04,630,0.0022036598529666662,0.00194579700473696
2026-05-16T19:46:04,631,0.0022036449518054724,0.0019457690650597215
2026-05-16T19:46:04,632,0.0022036570589989424,0.0019457353046163917
2026-05-16T19:46:04,633,0.002203649841248989,0.001945782103575766
2026-05-16T19:46:04,634,0.0022036449518054724,0.0019457339076325297
2026-05-16T19:46:04,635,0.0022036561276763678,0.001945636933669448
2026-05-16T19:46:04,636,0.0022036596201360226,0.0019458257593214512
2026-05-16T19:46:04,637,0.0022036610171198845,0.0019458081806078553
2026-05-16T19:46:04,638,0.002203652635216713,0.0019457824528217316
2026-05-16T19:46:04,639,0.0022036549635231495,0.0019458149326965213
2026-05-16T19:46:04,640,0.0022036510054022074,0.0019458294846117496
2026-05-16T19:46:04,641,0.0022036477457731962,0.0019457075977697968
2026-05-16T19:46:04,642,0.00220364797860384,0.0019457516027614474
2026-05-16T19:46:04,643,0.0022036537993699312,0.0019457114394754171
2026-05-16T19:46:04,644,0.0022036582231521606,0.0019457447342574596
2026-05-16T19:46:04,645,0.002203653333708644,0.0019457433372735977
2026-05-16T19:46:04,646,0.002203649841248989,0.001945794909261167
2026-05-16T19:46:04,647,0.002203669399023056,0.0019456390291452408
2026-05-16T19:46:04,648,0.002203661948442459,0.0019457192393019795
2026-05-16T19:46:04,649,0.0022036517038941383,0.0019456964218989015
2026-05-16T19:46:04,650,0.0022036510054022074,0.0019456774462014437
2026-05-16T19:46:04,651,0.0022036542650312185,0.0019456925801932812
2026-05-16T19:46:04,652,0.0022036561276763678,0.0019457712769508362
2026-05-16T19:46:04,653,0.002203660784289241,0.0019458078313618898
2026-05-16T19:46:04,654,0.0022036517038941383,0.0019458122551441193
2026-05-16T19:46:04,655,0.0022036582231521606,0.0019458590541034937
2026-05-16T19:46:04,656,0.0022036514710634947,0.0019457358866930008
2026-05-16T19:46:04,657,0.002203654497861862,0.0019456816371530294
2026-05-16T19:46:04,658,0.0022036510054022074,0.0019458377500995994
2026-05-16T19:46:04,659,0.0022036500740796328,0.0019457180751487613
2026-05-16T19:46:04,660,0.0022036510054022074,0.0019456418231129646
2026-05-16T19:46:04,661,0.002203647280111909,0.0019456989830359817
2026-05-16T19:46:04,662,0.002203647280111909,0.0019458193564787507
2026-05-16T19:46:04,663,0.0022036449518054724,0.0019458611495792866
2026-05-16T19:46:04,664,0.0022036561276763678,0.001945733092725277
2026-05-16T19:46:04,665,0.002203652635216713,0.0019457465969026089
2026-05-16T19:46:04,666,0.0022036447189748287,0.0019458233145996928
2026-05-16T19:46:04,667,0.0022036596201360226,0.0019457029411569238
2026-05-16T19:46:04,668,0.002203655429184437,0.0019457053858786821
2026-05-16T19:46:04,669,0.002203659387305379,0.0019456156296655536
2026-05-16T19:46:04,670,0.0022036531008780003,0.0019456928130239248
2026-05-16T19:46:04,671,0.0022036563605070114,0.0019456847803667188
2026-05-16T19:46:04,672,0.0022036610171198845,0.0019458001479506493
2026-05-16T19:46:04,673,0.0022036517038941383,0.001945648924447596
2026-05-16T19:46:04,674,0.0022036489099264145,0.0019456569571048021
2026-05-16T19:46:04,675,0.002203656593337655,0.0019455747678875923
2026-05-16T19:46:04,676,0.002203655894845724,0.0019458294846117496
2026-05-16T19:46:04,677,0.0022036575246602297,0.001945755910128355
2026-05-16T19:46:04,678,0.0022036482114344835,0.0019457502057775855
2026-05-16T19:46:04,679,0.0022036575246602297,0.0019456985173746943
2026-05-16T19:46:04,680,0.002203649375587702,0.0019457630114629865
2026-05-16T19:46:04,681,0.0022036510054022074,0.0019458052702248096
2026-05-16T19:46:04,682,0.0022036577574908733,0.0019457294838503003
2026-05-16T19:46:04,683,0.0022036524023860693,0.0019457511371001601
2026-05-16T19:46:04,684,0.0022036537993699312,0.0019455237779766321
2026-05-16T19:46:04,685,0.0022036603186279535,0.0019456136506050825
2026-05-16T19:46:04,686,0.0022036517038941383,0.001945727737620473
2026-05-16T19:46:04,687,0.0022036621812731028,0.001945782103575766
2026-05-16T19:46:04,688,0.0022036510054022074,0.0019457180751487613
2026-05-16T19:46:04,689,0.0022036482114344835,0.001945673255249858
2026-05-16T19:46:04,690,0.002203648677095771,0.001945830532349646
2026-05-16T19:46:04,691,0.002203643321990967,0.0019458209862932563
2026-05-16T19:46:04,692,0.0022036510054022074,0.0019457911839708686
2026-05-16T19:46:04,693,0.002203654730692506,0.0019456979352980852
2026-05-16T19:46:04,694,0.0022036482114344835,0.0019456903683021665
2026-05-16T19:46:04,695,0.002203643321990967,0.0019457262242212892
2026-05-17T01:21:14,0,0.3388305902481079,0.12336313724517822
2026-05-17T01:21:14,1,0.2126358598470688,0.08284080773591995
2026-05-17T01:21:14,2,0.13588884472846985,0.04620731994509697
2026-05-17T01:21:14,3,0.07973454147577286,0.02219763584434986
2026-05-17T01:21:14,4,0.0418379120528698,0.013967646285891533
2026-05-17T01:21:14,5,0.02365114912390709,0.013417933136224747
2026-05-17T01:21:14,6,0.017655618488788605,0.01328219659626484
2026-05-17T01:21:14,7,0.01554756611585617,0.01313184667378664
2026-05-17T01:21:14,8,0.01445282343775034,0.012968872673809528
2026-05-17T01:21:14,9,0.0139673613011837,0.012775253504514694
2026-05-17T01:21:14,10,0.013518253341317177,0.012554849497973919
2026-05-17T01:21:14,11,0.01307033933699131,0.012297449633479118
2026-05-17T01:21:14,12,0.012692906893789768,0.012000400573015213
2026-05-17T01:21:14,13,0.012283780612051487,0.011658008210361004
2026-05-17T01:21:14,14,0.01191920880228281,0.011279123835265636
2026-05-17T01:21:14,15,0.011435030028223991,0.01085270382463932
2026-05-17T01:21:14,16,0.011009455658495426,0.010383155196905136
2026-05-17T01:21:14,17,0.010498637333512306,0.009877256117761135
2026-05-17T01:21:14,18,0.009968900121748447,0.009329749271273613
2026-05-17T01:21:14,19,0.009375866502523422,0.008754665032029152
2026-05-17T01:21:14,20,0.008783696219325066,0.008166201412677765
2026-05-17T01:21:14,21,0.00817631371319294,0.007568120490759611
2026-05-17T01:21:14,22,0.007540662307292223,0.006955933757126331
2026-05-17T01:21:14,23,0.006956573575735092,0.0063711837865412235
2026-05-17T01:21:14,24,0.006375713739544153,0.005816820077598095
2026-05-17T01:21:14,25,0.005837797187268734,0.005300966557115316
2026-05-17T01:21:14,26,0.005352215841412544,0.004838494583964348
2026-05-17T01:21:14,27,0.004916958045214415,0.004441928584128618
2026-05-17T01:21:14,28,0.004533282481133938,0.004092221613973379
2026-05-17T01:21:14,29,0.004221127834171057,0.0037843137979507446
2026-05-17T01:21:14,30,0.003920233342796564,0.003520108060911298
2026-05-17T01:21:14,31,0.0036772668827325106,0.003291516797617078
2026-05-17T01:21:14,32,0.0034713177010416985,0.003106813644990325
2026-05-17T01:21:14,33,0.003308267332613468,0.0029616651590913534
2026-05-17T01:21:14,34,0.0031747492030262947,0.002837981330230832
2026-05-17T01:21:14,35,0.0030504539608955383,0.0027322035748511553
2026-05-17T01:21:14,36,0.0029358628671616316,0.00262466655112803
2026-05-17T01:21:14,37,0.0028462924528867006,0.002541973954066634
2026-05-17T01:21:14,38,0.002763302531093359,0.002457836177200079
2026-05-17T01:21:14,39,0.0026794355362653732,0.00238501513376832
2026-05-17T01:21:14,40,0.0026207135524600744,0.0023311921395361423
2026-05-17T01:21:14,41,0.00256627076305449,0.0022750261705368757
2026-05-17T01:21:14,42,0.00253578694537282,0.0022549566347151995
2026-05-17T01:21:14,43,0.00249628908932209,0.00222289701923728
2026-05-17T01:21:14,44,0.002469488885253668,0.002194477478042245
2026-05-17T01:21:14,45,0.0024425885640084743,0.0021733632311224937
2026-05-17T01:21:14,46,0.002411122899502516,0.0021346071735024452
2026-05-17T01:21:14,47,0.0023957397788763046,0.002125167055055499
2026-05-17T01:21:14,48,0.002370337024331093,0.002103799255564809
2026-05-17T01:21:14,49,0.0023558218963444233,0.0020859832875430584
2026-05-17T01:21:14,50,0.0023417386692017317,0.002071463968604803
2026-05-17T01:21:14,51,0.0023253452964127064,0.0020523204002529383
2026-05-17T01:21:14,52,0.002321356674656272,0.002052121562883258
2026-05-17T01:21:14,53,0.00231888797134161,0.002051170449703932
2026-05-17T01:21:14,54,0.0023024659603834152,0.0020429547876119614
2026-05-17T01:21:14,55,0.002306403359398246,0.0020398476626724005
2026-05-17T01:21:14,56,0.00231312052346766,0.002045899396762252
2026-05-17T01:21:14,57,0.002305146073922515,0.0020446956623345613
2026-05-17T01:21:14,58,0.0022943257354199886,0.0020299714524298906
2026-05-17T01:21:14,59,0.002282253932207823,0.002020863816142082
2026-05-17T01:21:14,60,0.002271834062412381,0.0020035975612699986
2026-05-17T01:21:14,61,0.0022625422570854425,0.002000180073082447
2026-05-17T01:21:14,62,0.0022698845714330673,0.002012872137129307
2026-05-17T01:21:14,63,0.0022829666268080473,0.002505470532923937
2026-05-17T01:21:14,64,0.002292102435603738,0.0020196298137307167
2026-05-17T01:21:14,65,0.0022829314693808556,0.0020123342983424664
2026-05-17T01:21:14,66,0.0022717497777193785,0.002008106792345643
2026-05-17T01:21:14,67,0.002264059381559491,0.001998856896534562
2026-05-17T01:21:14,68,0.0022559231147170067,0.001990219345316291
2026-05-17T01:21:14,69,0.002247701631858945,0.0019859285093843937
2026-05-17T01:21:14,70,0.002239764668047428,0.0019796148408204317
2026-05-17T01:21:14,71,0.0022336977999657393,0.0019731316715478897
2026-05-17T01:21:14,72,0.00229605077765882,0.002015546429902315
2026-05-17T01:21:14,73,0.002271604258567095,0.0020046113058924675
2026-05-17T01:21:14,74,0.0022691471967846155,0.0021465402096509933
2026-05-17T01:21:14,75,0.0022679169196635485,0.002004896057769656
2026-05-17T01:21:14,76,0.002266920870169997,0.0020043477416038513
2026-05-17T01:21:14,77,0.0022628416772931814,0.0020014364272356033
2026-05-17T01:21:14,78,0.0022561573423445225,0.0020003889221698046
2026-05-17T01:21:14,79,0.0022575166076421738,0.001988570671528578
2026-05-17T01:21:14,80,0.00226024491712451,0.0020019770599901676
2026-05-17T01:21:14,81,0.0022564127575606108,0.001993513200432062
2026-05-17T01:21:14,82,0.0022519854828715324,0.001996539533138275
2026-05-17T01:21:14,83,0.002246964257210493,0.0019907797686755657
2026-05-17T01:21:14,84,0.002241728128865361,0.0019817317370325327
2026-05-17T01:21:14,85,0.002236666390672326,0.001976820407435298
2026-05-17T01:21:14,86,0.0022317750845104456,0.0019706187304109335
2026-05-17T01:21:14,87,0.0022270106710493565,0.001965469680726528
2026-05-17T01:21:14,88,0.002248711884021759,0.002127799903973937
2026-05-17T01:21:14,89,0.002242934424430132,0.0019816611893475056
2026-05-17T01:21:14,90,0.0022404412738978863,0.001982517773285508
2026-05-17T01:21:14,91,0.0022352226078510284,0.0019810779485851526
2026-05-17T01:21:14,92,0.002242341870442033,0.005582835525274277
2026-05-17T01:21:14,93,0.00224272976629436,0.0019775046966969967
2026-05-17T01:21:14,94,0.0022432871628552675,0.0019760015420615673
2026-05-17T01:21:14,95,0.0022403805050998926,0.0019782010931521654
2026-05-17T01:21:14,96,0.0022356517147272825,0.001975742867216468
2026-05-17T01:21:14,97,0.0022324896417558193,0.0019734394736588
2026-05-17T01:21:14,98,0.002228944096714258,0.0019721193239092827
2026-05-17T01:21:14,99,0.002225706120952964,0.0019663528073579073
2026-05-17T01:21:14,100,0.002224758267402649,0.0019647725857794285
2026-05-17T01:21:14,101,0.002230213489383459,0.001962140901014209
2026-05-17T01:21:14,102,0.0022238099481910467,0.001962015638127923
2026-05-17T01:21:14,103,0.002222280716523528,0.0019632831681519747
2026-05-17T01:21:14,104,0.002219586633145809,0.00195907149463892
2026-05-17T01:21:14,105,0.0022177011705935,0.0024144561029970646
2026-05-17T01:21:14,106,0.0022213561460375786,0.0019817205611616373
2026-05-17T01:21:14,107,0.002220761962234974,0.0019594491459429264
2026-05-17T01:21:14,108,0.0022183831315487623,0.001959986984729767
2026-05-17T01:21:14,109,0.0022172469180077314,0.0019590738229453564
2026-05-17T01:21:14,110,0.002215762622654438,0.0019733202643692493
2026-05-17T01:21:14,111,0.002216287422925234,0.0019531575962901115
2026-05-17T01:21:14,112,0.002214300213381648,0.0019538479391485453
2026-05-17T01:21:14,113,0.0022127905394881964,0.0019510173005983233
2026-05-17T01:21:14,114,0.0022118946071714163,0.0019572130404412746
2026-05-17T01:21:14,115,0.002210639650002122,0.0019513695733621716
2026-05-17T01:21:14,116,0.0022097150795161724,0.0019514445448294282
2026-05-17T01:21:14,117,0.0022084119264036417,0.001957121305167675
2026-05-17T01:21:14,118,0.002208501799032092,0.0019560656510293484
2026-05-17T01:21:14,119,0.002207760466262698,0.0019541902001947165
2026-05-17T01:21:14,120,0.0022074924781918526,0.001950095291249454
2026-05-17T01:21:14,121,0.002206595381721854,0.0019471370615065098
2026-05-17T01:21:14,122,0.0022063979413360357,0.0019472488202154636
2026-05-17T01:21:14,123,0.0022064608056098223,0.0019465883960947394
2026-05-17T01:21:14,124,0.0022062710486352444,0.0019445918733254075
2026-05-17T01:21:14,125,0.0022064417134970427,0.0019463563803583384
2026-05-17T01:21:14,126,0.002206310862675309,0.001943408977240324
2026-05-17T01:21:14,127,0.002206247067078948,0.001943023526109755
2026-05-17T01:21:14,128,0.0022056985180824995,0.0019500281196087599
2026-05-17T01:21:14,129,0.0022060724440962076,0.0019493232248350978
2026-05-17T01:21:14,130,0.002206193981692195,0.001950539997778833
2026-05-17T01:21:14,131,0.0022064156364649534,0.0019463303033262491
2026-05-17T01:21:14,132,0.0022058305330574512,0.0019477087771520019
2026-05-17T01:21:14,133,0.002206185134127736,0.00195352453738451
2026-05-17T01:21:14,134,0.00220538885332644,0.001954013481736183
2026-05-17T01:21:14,135,0.002205614000558853,0.0019555415492504835
2026-05-17T01:21:14,136,0.002206065459176898,0.0019467356614768505
2026-05-17T01:21:14,137,0.002205788856372237,0.001954766223207116
2026-05-17T01:21:14,138,0.002205801196396351,0.0019489520927891135
2026-05-17T01:21:14,139,0.002205913420766592,0.0019512701546773314
2026-05-17T01:21:14,140,0.002206336008384824,0.0019477319438010454
2026-05-17T01:21:14,141,0.002205719007179141,0.0019480922492220998
2026-05-17T01:21:14,142,0.0022051199339330196,0.00194799923337996
2026-05-17T01:21:14,143,0.002205392112955451,0.0019466665107756853
2026-05-17T01:21:14,144,0.0022052789572626352,0.0019509578123688698
2026-05-17T01:21:14,145,0.00220535509288311,0.0019484719960018992
2026-05-17T01:21:14,146,0.0022056729067116976,0.0019495562883093953
2026-05-17T01:21:14,147,0.002205517375841737,0.0019491720013320446
2026-05-17T01:21:14,148,0.0022054060827940702,0.001949465717189014
2026-05-17T01:21:14,149,0.0022057651076465845,0.0019544775132089853
2026-05-17T01:21:14,150,0.00220537930727005,0.0019439300522208214
2026-05-17T01:21:14,151,0.002205354394391179,0.0019473109859973192
2026-05-17T01:21:14,152,0.002205462660640478,0.0019486976088955998
2026-05-17T01:21:14,153,0.0022054556757211685,0.001948766759596765
2026-05-17T01:21:14,154,0.0022055732551962137,0.0019512810977175832
2026-05-17T01:21:14,155,0.0022055008448660374,0.0019474596483632922
2026-05-17T01:21:14,156,0.002205704106017947,0.0019462386844679713
2026-05-17T01:21:14,157,0.0022053213324397802,0.0019437256269156933
2026-05-17T01:21:14,158,0.002205298049375415,0.0019492832943797112
2026-05-17T01:21:14,159,0.002205296652391553,0.0019521686481311917
2026-05-17T01:21:14,160,0.0022055190056562424,0.0019474535947665572
2026-05-17T01:21:14,161,0.0022053630091249943,0.0019495409214869142
2026-05-17T01:21:14,162,0.0022051814012229443,0.0019470169208943844
2026-05-17T01:21:14,163,0.0022050943225622177,0.0019462138880044222
2026-05-17T01:21:14,164,0.0022052377462387085,0.0019488092511892319
2026-05-17T01:21:14,165,0.0022049620747566223,0.0019468521932139993
2026-05-17T01:21:14,166,0.0022052107378840446,0.0019456715090200305
2026-05-17T01:21:14,167,0.0022051099222153425,0.0019476257730275393
2026-05-17T01:21:14,168,0.002204968361184001,0.0019460105104371905
2026-05-17T01:21:14,169,0.0022052915301173925,0.0019470201805233955
2026-05-17T01:21:14,170,0.002205138560384512,0.001948854303918779
2026-05-17T01:21:14,171,0.0022052335552871227,0.0019477622117847204
2026-05-17T01:21:14,172,0.002205080818384886,0.0019453719723969698
2026-05-17T01:21:14,173,0.002205591183155775,0.0019472821149975061
2026-05-17T01:21:14,174,0.0022053150460124016,0.0019472885178402066
2026-05-17T01:21:14,175,0.0022048521786928177,0.001951906131580472
2026-05-17T01:21:14,176,0.0022049625404179096,0.0019484095973894
2026-05-17T01:21:14,177,0.002205122960731387,0.0019443496130406857
2026-05-17T01:21:14,178,0.0022048810496926308,0.0019485048251226544
2026-05-17T01:21:14,179,0.002205188386142254,0.0019468915415927768
2026-05-17T01:21:14,180,0.0022053015418350697,0.001948549528606236
2026-05-17T01:21:14,181,0.002204788150265813,0.0019438148010522127
2026-05-17T01:21:14,182,0.002204697346314788,0.0019466392695903778
2026-05-17T01:21:14,183,0.002204886404797435,0.0019434713758528233
2026-05-17T01:21:14,184,0.002204819582402706,0.0019470214610919356
2026-05-17T01:21:14,185,0.0022048302926123142,0.0019482946954667568
2026-05-17T01:21:14,186,0.0022050172556191683,0.0019467807142063975
2026-05-17T01:21:14,187,0.002205010736361146,0.0019477559253573418
2026-05-17T01:21:14,188,0.0022049627732485533,0.0019457008456811309
2026-05-17T01:21:14,189,0.002204892924055457,0.0019434248097240925
2026-05-17T01:21:14,190,0.0022049208637326956,0.0019473209977149963
2026-05-17T01:21:14,191,0.002204938791692257,0.0019443873316049576
2026-05-17T01:21:14,192,0.002204820280894637,0.001950665027834475
2026-05-17T01:21:14,193,0.00220472807995975,0.0019448320381343365
2026-05-17T01:21:14,194,0.0022049180697649717,0.0019485583761706948
2026-05-17T01:21:14,195,0.0022045811638236046,0.0019474421860650182
2026-05-17T01:21:14,196,0.0022049478720873594,0.0019478652393445373
2026-05-17T01:21:14,197,0.0022050426341593266,0.001948165474459529
2026-05-17T01:21:14,198,0.002205026103183627,0.0019467195961624384
2026-05-17T01:21:14,199,0.0022049625404179096,0.0019452874548733234
2026-05-17T01:21:14,200,0.0022047508973628283,0.0019489924889057875
2026-05-17T01:21:14,201,0.002204526448622346,0.0019451327389106154
2026-05-17T01:21:14,202,0.0022044642828404903,0.001947783282957971
2026-05-17T01:21:14,203,0.002204496879130602,0.0019481850322335958
2026-05-17T01:21:14,204,0.002204630523920059,0.0019462532363831997
2026-05-17T01:21:14,205,0.002205044263973832,0.0019451502012088895
2026-05-17T01:21:14,206,0.0022046712692826986,0.0019496855093166232
2026-05-17T01:21:14,207,0.0022047506645321846,0.0019439882598817348
2026-05-17T01:21:14,208,0.002204854739829898,0.0019456217996776104
2026-05-17T01:21:14,209,0.0022047217935323715,0.001945181516930461
2026-05-17T01:21:14,210,0.0022046323865652084,0.0019469960825517774
2026-05-17T01:21:14,211,0.0022045853547751904,0.0019452990964055061
2026-05-17T01:21:14,212,0.002204606309533119,0.001945942989550531
2026-05-17T01:21:14,213,0.002204554621130228,0.00194711540825665
2026-05-17T01:21:14,214,0.0022044596262276173,0.0019476207671687007
2026-05-17T01:21:14,215,0.002204729011282325,0.0019467446254566312
2026-05-17T01:21:14,216,0.0022047744132578373,0.0019456952577456832
2026-05-17T01:21:14,217,0.002204418182373047,0.0019471453269943595
2026-05-17T01:21:14,218,0.0022045676596462727,0.0019467717502266169
2026-05-17T01:21:14,219,0.0022046531084924936,0.001945644966326654
2026-05-17T01:21:14,220,0.0022046337835490704,0.0019491997081786394
2026-05-17T01:21:14,221,0.002204491524025798,0.0019447063095867634
2026-05-17T01:21:14,222,0.002204451709985733,0.001947499462403357
2026-05-17T01:21:14,223,0.0022044824436306953,0.0019469473045319319
2026-05-17T01:21:14,224,0.0022046840749680996,0.0019460106268525124
2026-05-17T01:21:14,225,0.002204486634582281,0.0019501829519867897
2026-05-17T01:21:14,226,0.0022045678924769163,0.0019461062038317323
2026-05-17T01:21:14,227,0.0022041662596166134,0.0019472467247396708
2026-05-17T01:21:14,228,0.0022042659111320972,0.0019467112142592669
2026-05-17T01:21:14,229,0.0022044493816792965,0.0019465505611151457
2026-05-17T01:21:14,230,0.0022044277284294367,0.0019470256520435214
2026-05-17T01:21:14,231,0.002204488730058074,0.001944818184711039
2026-05-17T01:21:14,232,0.0022044775541871786,0.0019476932939141989
2026-05-17T01:21:14,233,0.002204376505687833,0.0019459130708128214
2026-05-17T01:21:14,234,0.0022044647485017776,0.0019461537012830377
2026-05-17T01:21:14,235,0.0022044244688004255,0.0019472631393000484
2026-05-17T01:21:14,236,0.0022042712662369013,0.001946185017004609
2026-05-17T01:21:14,237,0.0022045865189284086,0.001947114011272788
2026-05-17T01:21:14,238,0.0022042582277208567,0.001948739169165492
2026-05-17T01:21:14,239,0.002204391174018383,0.0019464031793177128
2026-05-17T01:21:14,240,0.002204392571002245,0.001947161159478128
2026-05-17T01:21:14,241,0.002204198157414794,0.0019457153975963593
2026-05-17T01:21:14,242,0.002204237272962928,0.0019483654759824276
2026-05-17T01:21:14,243,0.0022043329663574696,0.0019471774576231837
2026-05-17T01:21:14,244,0.0022042272612452507,0.0019459183095023036
2026-05-17T01:21:14,245,0.0022044493816792965,0.0019467320526018739
2026-05-17T01:21:14,246,0.0022043935023248196,0.001946822740137577
2026-05-17T01:21:14,247,0.0022042784839868546,0.0019459528848528862
2026-05-17T01:21:14,248,0.0022042810451239347,0.0019473747815936804
2026-05-17T01:21:14,249,0.002204279415309429,0.0019463628996163607
2026-05-17T01:21:14,250,0.0022043425124138594,0.0019463804783299565
2026-05-17T01:21:14,251,0.0022041024640202522,0.0019471398554742336
2026-05-17T01:21:14,252,0.0022044754587113857,0.001945858239196241
2026-05-17T01:21:14,253,0.0022042454220354557,0.0019457560265436769
2026-05-17T01:21:14,254,0.0022043983917683363,0.00194676429964602
2026-05-17T01:21:14,255,0.0022042992059141397,0.001945366384461522
2026-05-17T01:21:14,256,0.0022042247001081705,0.001944966847077012
2026-05-17T01:21:14,257,0.0022042165510356426,0.0019460298353806138
2026-05-17T01:21:14,258,0.0022044163197278976,0.0019455647561699152
2026-05-17T01:21:14,259,0.002204246586188674,0.0019456205191090703
2026-05-17T01:21:14,260,0.002204328076913953,0.0019464751239866018
2026-05-17T01:21:14,261,0.0022041797637939453,0.0019453074783086777
2026-05-17T01:21:14,262,0.0022041304036974907,0.0019461573101580143
2026-05-17T01:21:14,263,0.0022041883785277605,0.0019455116707831621
2026-05-17T01:21:14,264,0.002204186050221324,0.0019461268093436956
2026-05-17T01:21:14,265,0.0022041925694793463,0.0019464448560029268
2026-05-17T01:21:14,266,0.002204027259722352,0.0019454004941508174
2026-05-17T01:21:14,267,0.0022041015326976776,0.0019455895526334643
2026-05-17T01:21:14,268,0.002204103861004114,0.0019469280960038304
2026-05-17T01:21:14,269,0.0022042521741241217,0.001944344025105238
2026-05-17T01:21:14,270,0.0022041224874556065,0.001945032854564488
2026-05-17T01:21:14,271,0.0022040605545043945,0.0019455590518191457
2026-05-17T01:21:14,272,0.002204158576205373,0.0019445857033133507
2026-05-17T01:21:14,273,0.0022040531039237976,0.0019476355519145727
2026-05-17T01:21:14,274,0.0022041762713342905,0.0019455618457868695
2026-05-17T01:21:14,275,0.002204145072028041,0.0019463945645838976
2026-05-17T01:21:14,276,0.0022042265627533197,0.0019459262257441878
2026-05-17T01:21:14,277,0.002204271499067545,0.0019460675539448857
2026-05-17T01:21:14,278,0.002204200020059943,0.0019466003868728876
2026-05-17T01:21:14,279,0.0022041157353669405,0.0019456755835562944
2026-05-17T01:21:14,280,0.0022041064221411943,0.0019464166834950447
2026-05-17T01:21:14,281,0.0022040761541575193,0.0019464569631963968
2026-05-17T01:21:14,282,0.0022040782496333122,0.0019456434529274702
2026-05-17T01:21:14,283,0.002204055665060878,0.0019463383359834552
2026-05-17T01:21:14,284,0.0022040316835045815,0.0019463608041405678
2026-05-17T01:21:14,285,0.002204056130722165,0.001945377211086452
2026-05-17T01:21:14,286,0.0022040719632059336,0.0019455037545412779
2026-05-17T01:21:14,287,0.0022040170151740313,0.0019462970085442066
2026-05-17T01:21:14,288,0.002204081043601036,0.0019454160938039422
2026-05-17T01:21:14,289,0.002204098040238023,0.001945202355273068
2026-05-17T01:21:14,290,0.002204046817496419,0.0019454786088317633
2026-05-17T01:21:14,291,0.0022041555494070053,0.001945148454979062
2026-05-17T01:21:14,292,0.002204071031883359,0.0019477768801152706
2026-05-17T01:21:14,293,0.0022040056064724922,0.0019474142463877797
2026-05-17T01:21:14,294,0.002204067073762417,0.0019464115612208843
2026-05-17T01:21:14,295,0.002204078482463956,0.0019450676627457142
2026-05-17T01:21:14,296,0.002204105257987976,0.0019464984070509672
2026-05-17T01:21:14,297,0.0022040223702788353,0.001945371157489717
2026-05-17T01:21:14,298,0.00220407429151237,0.0019455618457868695
2026-05-17T01:21:14,299,0.002204120857641101,0.0019464206416159868
2026-05-17T01:21:14,300,0.00220409594476223,0.0019467971287667751
2026-05-17T01:21:14,301,0.002204054268077016,0.0019467389211058617
2026-05-17T01:21:14,302,0.0022039557807147503,0.0019446639344096184
2026-05-17T01:21:14,303,0.002204014454036951,0.0019457045709714293
2026-05-17T01:21:14,304,0.002203983487561345,0.0019466952653601766
2026-05-17T01:21:14,305,0.002204054268077016,0.0019468771060928702
2026-05-17T01:21:14,306,0.0022039928007870913,0.0019453669665381312
2026-05-17T01:21:14,307,0.0022040458861738443,0.0019467027159407735
2026-05-17T01:21:14,308,0.0022039618343114853,0.0019460080657154322
2026-05-17T01:21:14,309,0.002203976968303323,0.001946376054547727
2026-05-17T01:21:14,310,0.002203897340223193,0.0019455839646980166
2026-05-17T01:21:14,311,0.002203915501013398,0.0019451866392046213
2026-05-17T01:21:14,312,0.002203925745561719,0.0019460383336991072
2026-05-17T01:21:14,313,0.0022040277253836393,0.001946385484188795
2026-05-17T01:21:14,314,0.0022039234172552824,0.001947680488228798
2026-05-17T01:21:14,315,0.002204043325036764,0.0019465505611151457
2026-05-17T01:21:14,316,0.002203976735472679,0.0019452910637483
2026-05-17T01:21:14,317,0.002204033313319087,0.0019454830326139927
2026-05-17T01:21:14,318,0.0022040389012545347,0.0019460004987195134
2026-05-17T01:21:14,319,0.002203976036980748,0.0019461869960650802
2026-05-17T01:21:14,320,0.0022040079347789288,0.0019457980524748564
2026-05-17T01:21:14,321,0.002203884534537792,0.001946746837347746
2026-05-17T01:21:14,322,0.002203912241384387,0.0019454800058156252
2026-05-17T01:21:14,323,0.0022039131727069616,0.001946259755641222
2026-05-17T01:21:14,324,0.002203946700319648,0.0019460157491266727
2026-05-17T01:21:14,325,0.0022038747556507587,0.001945502357557416
2026-05-17T01:21:14,326,0.0022039369214326143,0.0019453124841675162
2026-05-17T01:21:14,327,0.0022039783652871847,0.0019452008418738842
2026-05-17T01:21:14,328,0.002203900134190917,0.0019448690582066774
2026-05-17T01:21:14,329,0.0022039543837308884,0.0019454493885859847
2026-05-17T01:21:14,330,0.0022039010655134916,0.0019458740716800094
2026-05-17T01:21:14,331,0.002203941810876131,0.0019455344881862402
2026-05-17T01:21:14,332,0.0022039066534489393,0.0019451030530035496
2026-05-17T01:21:14,333,0.002203893382102251,0.0019448508974164724
2026-05-17T01:21:14,334,0.002203922951593995,0.0019450971158221364
2026-05-17T01:21:14,335,0.0022039376199245453,0.0019462797790765762
2026-05-17T01:21:14,336,0.002203849144279957,0.0019459177274256945
2026-05-17T01:21:14,337,0.0022038782481104136,0.0019463672069832683
2026-05-17T01:21:14,338,0.002203951356932521,0.0019453767454251647
2026-05-17T01:21:14,339,0.002203884068876505,0.0019457184243947268
2026-05-17T01:21:14,340,0.002203940413892269,0.001945117604918778
2026-05-17T01:21:14,341,0.0022038824390619993,0.0019450881518423557
2026-05-17T01:21:14,342,0.0022038728930056095,0.0019459821050986648
2026-05-17T01:21:14,343,0.0022038426250219345,0.0019464535871520638
2026-05-17T01:21:14,344,0.0022038607858121395,0.0019455342553555965
2026-05-17T01:21:14,345,0.0022038647439330816,0.001945506315678358
2026-05-17T01:21:14,346,0.0022038521710783243,0.0019451954867690802
2026-05-17T01:21:14,347,0.0022038717288523912,0.0019453141139820218
2026-05-17T01:21:14,348,0.0022038358729332685,0.0019458543974906206
2026-05-17T01:21:14,349,0.0022038924507796764,0.0019461935153231025
2026-05-17T01:21:14,350,0.002203892217949033,0.0019457422895357013
2026-05-17T01:21:14,351,0.0022038472816348076,0.00194646161980927
2026-05-17T01:21:14,352,0.002203866606578231,0.0019458523020148277
2026-05-17T01:21:14,353,0.0022038209717720747,0.0019462242489680648
2026-05-17T01:21:14,354,0.0022038547322154045,0.0019462982891127467
2026-05-17T01:21:14,355,0.002203848911449313,0.001946022966876626
2026-05-17T01:21:14,356,0.002203896176069975,0.001944668940268457
2026-05-17T01:21:14,357,0.0022038950119167566,0.0019462830387055874
2026-05-17T01:21:14,358,0.002203878480941057,0.0019457724411040545
2026-05-17T01:21:14,359,0.002203873125836253,0.0019461250631138682
2026-05-17T01:21:14,360,0.0022038999013602734,0.0019458247115835547
2026-05-17T01:21:14,361,0.002203830284997821,0.0019452882697805762
2026-05-17T01:21:14,362,0.002203776966780424,0.0019455782603472471
2026-05-17T01:21:14,363,0.002203831449151039,0.001945464638993144
2026-05-17T01:21:14,364,0.002203776268288493,0.0019458688329905272
2026-05-17T01:21:14,365,0.002203803975135088,0.0019457308808341622
2026-05-17T01:21:14,366,0.0022037834860384464,0.001945447875186801
2026-05-17T01:21:14,367,0.0022038137540221214,0.0019461327465251088
2026-05-17T01:21:14,368,0.002203840995207429,0.0019460412440821528
2026-05-17T01:21:14,369,0.0022038265597075224,0.0019461301853880286
2026-05-17T01:21:14,370,0.00220380793325603,0.0019462788477540016
2026-05-17T01:21:14,371,0.002203799784183502,0.0019465003861114383
2026-05-17T01:21:14,372,0.0022038177121430635,0.0019466006197035313
2026-05-17T01:21:14,373,0.002203830284997821,0.001946156146004796
2026-05-17T01:21:14,374,0.00220380793325603,0.0019461661577224731
2026-05-17T01:21:14,375,0.0022037809249013662,0.001945934141986072
2026-05-17T01:21:14,376,0.002203800715506077,0.0019459970062598586
2026-05-17T01:21:14,377,0.0022037839516997337,0.0019459471805021167
2026-05-17T01:21:14,378,0.002203821437433362,0.001945617375895381
2026-05-17T01:21:14,379,0.00220383214764297,0.0019459357718005776
2026-05-17T01:21:14,380,0.002203838899731636,0.001945766736753285
2026-05-17T01:21:14,381,0.0022037767339497805,0.001945480820722878
2026-05-17T01:21:14,382,0.002203801879659295,0.001945745898410678
2026-05-17T01:21:14,383,0.0022037685848772526,0.0019459681352600455
2026-05-17T01:21:14,384,0.0022037597373127937,0.001945969182997942
2026-05-17T01:21:14,385,0.002203740645200014,0.0019458610331639647
2026-05-17T01:21:14,386,0.0022038151510059834,0.0019456585869193077
2026-05-17T01:21:14,387,0.002203775104135275,0.001945468015037477
2026-05-17T01:21:14,388,0.0022037746384739876,0.0019462276250123978
2026-05-17T01:21:14,389,0.002203776268288493,0.001945892465300858
2026-05-17T01:21:14,390,0.0022037955932319164,0.0019458383321762085
2026-05-17T01:21:14,391,0.0022037874441593885,0.00194558163639158
2026-05-17T01:21:14,392,0.0022037927992641926,0.0019457311136648059
2026-05-17T01:21:14,393,0.002203739248216152,0.0019458290189504623
2026-05-17T01:21:14,394,0.0022037718445062637,0.0019459360046312213
2026-05-17T01:21:14,395,0.0022037613671272993,0.001946212723851204
2026-05-17T01:21:14,396,0.002203748095780611,0.0019455028232187033
2026-05-17T01:21:14,397,0.0022037660237401724,0.001945741823874414
2026-05-17T01:21:14,398,0.002203779062256217,0.0019456719746813178
2026-05-17T01:21:14,399,0.0022037532180547714,0.0019463194767013192
2026-05-17T01:21:14,400,0.002203780459240079,0.0019457978196442127
2026-05-17T01:21:14,401,0.002203757409006357,0.0019458997994661331
2026-05-17T01:21:14,402,0.002203752752393484,0.001945716910995543
2026-05-17T01:21:14,403,0.00220373529009521,0.0019453777931630611
2026-05-17T01:21:14,404,0.002203729934990406,0.001945922733284533
2026-05-17T01:21:14,405,0.002203737385571003,0.0019458201713860035
2026-05-17T01:21:14,406,0.0022037222515791655,0.0019461553310975432
2026-05-17T01:21:14,407,0.0022037336602807045,0.0019455522997304797
2026-05-17T01:21:14,408,0.002203722018748522,0.0019457272719591856
2026-05-17T01:21:14,409,0.0022037443704903126,0.001946148695424199
2026-05-17T01:21:14,410,0.00220373529009521,0.001945452531799674
2026-05-17T01:21:14,411,0.0022037304006516933,0.0019458136521279812
2026-05-17T01:21:14,412,0.002203723881393671,0.0019456282025203109
2026-05-17T01:21:14,413,0.002203721087425947,0.0019458491588011384
2026-05-17T01:21:14,414,0.002203733893111348,0.0019457305315881968
2026-05-17T01:21:14,415,0.002203725278377533,0.0019460753537714481
2026-05-17T01:21:14,416,0.002203738782554865,0.0019456088775768876
2026-05-17T01:21:14,417,0.0022037294693291187,0.0019459676695987582
2026-05-17T01:21:14,418,0.0022037203889340162,0.001945808413438499
2026-05-17T01:21:14,419,0.002203777665272355,0.0019459347240626812
2026-05-17T01:21:14,420,0.00220371107570827,0.0019455726724117994
2026-05-17T01:21:14,421,0.0022037180606275797,0.001945462659932673
2026-05-17T01:21:14,422,0.0022037141025066376,0.0019455605652183294
2026-05-17T01:21:14,423,0.0022037120070308447,0.0019457190064713359
2026-05-17T01:21:14,424,0.002203703159466386,0.0019457362359389663
2026-05-17T01:21:14,425,0.002203734591603279,0.0019456524169072509
2026-05-17T01:21:14,426,0.0022037187591195107,0.0019459303002804518
2026-05-17T01:21:14,427,0.0022036891896277666,0.0019455923466011882
2026-05-17T01:21:14,428,0.002203700365498662,0.0019459723262116313
2026-05-17T01:21:14,429,0.002203700365498662,0.00194577407091856
2026-05-17T01:21:14,430,0.0022037061862647533,0.0019457631278783083
2026-05-17T01:21:14,431,0.002203706419095397,0.0019458578899502754
2026-05-17T01:21:14,432,0.0022036992013454437,0.0019456921145319939
2026-05-17T01:21:14,433,0.0022037047892808914,0.0019457924645394087
2026-05-17T01:21:14,434,0.0022037047892808914,0.0019459966570138931
2026-05-17T01:21:14,435,0.0022037001326680183,0.0019459064351394773
2026-05-17T01:21:14,436,0.0022037122398614883,0.001945973141118884
2026-05-17T01:21:14,437,0.002203713171184063,0.0019460251787677407
2026-05-17T01:21:14,438,0.0022036998998373747,0.0019460526527836919
2026-05-17T01:21:14,439,0.0022037075832486153,0.0019459277391433716
2026-05-17T01:21:14,440,0.0022037115413695574,0.0019458429887890816
2026-05-17T01:21:14,441,0.0022036803420633078,0.001945891766808927
2026-05-17T01:21:14,442,0.002203688258305192,0.0019456157460808754
2026-05-17T01:21:14,443,0.0022036838345229626,0.0019458073657006025
2026-05-17T01:21:14,444,0.002203691517934203,0.0019456961890682578
2026-05-17T01:21:14,445,0.0022036852315068245,0.0019455116707831621
2026-05-17T01:21:14,446,0.0022036859299987555,0.0019457353046163917
2026-05-17T01:21:14,447,0.002203682204708457,0.0019459163304418325
2026-05-17T01:21:14,448,0.0022036766167730093,0.0019457264570519328
2026-05-17T01:21:14,449,0.0022036880254745483,0.0019457967719063163
2026-05-17T01:21:14,450,0.0022036891896277666,0.001945803756825626
2026-05-17T01:21:14,451,0.0022036777809262276,0.00194593018386513
2026-05-17T01:21:14,452,0.0022036866284906864,0.0019458942115306854
2026-05-17T01:21:14,453,0.0022036770824342966,0.0019458691822364926
2026-05-17T01:21:14,454,0.002203672891482711,0.0019455169094726443
2026-05-17T01:21:14,455,0.0022037059534341097,0.001945757889188826
2026-05-17T01:21:14,456,0.002203688956797123,0.001945559517480433
2026-05-17T01:21:14,457,0.00220370851457119,0.0019457421731203794
2026-05-17T01:21:14,458,0.0022036891896277666,0.001945870346389711
2026-05-17T01:21:14,459,0.0022036684677004814,0.0019457876915112138
2026-05-17T01:21:14,460,0.002203687559813261,0.0019457390299066901
2026-05-17T01:21:14,461,0.002203657990321517,0.001945638912729919
2026-05-17T01:21:14,462,0.002203664043918252,0.001945622032508254
2026-05-17T01:21:14,463,0.0022036568261682987,0.0019458309980109334
2026-05-17T01:21:14,464,0.0022036638110876083,0.001945861498825252
2026-05-17T01:21:14,465,0.0022036577574908733,0.001945830648764968
2026-05-17T01:21:14,466,0.0022036719601601362,0.0019459406612440944
2026-05-17T01:21:14,467,0.0022036656737327576,0.001946021569892764
2026-05-17T01:21:14,468,0.0022036645095795393,0.0019459518371149898
2026-05-17T01:21:14,469,0.002203649375587702,0.0019458556780591607
2026-05-17T01:21:14,470,0.0022036582231521606,0.0019459479954093695
2026-05-17T01:21:14,471,0.002203661482781172,0.0019456547452136874
2026-05-17T01:21:14,472,0.0022036710288375616,0.0019456997979432344
2026-05-17T01:21:14,473,0.002203661948442459,0.0019457993330433965
2026-05-17T01:21:14,474,0.0022036584559828043,0.0019457757007330656
2026-05-17T01:21:14,475,0.0022036628797650337,0.0019457032904028893
2026-05-17T01:21:14,476,0.0022036719601601362,0.0019457529997453094
2026-05-17T01:21:14,477,0.002203676151111722,0.0019459193572402
2026-05-17T01:21:14,478,0.0022036710288375616,0.0019457037560641766
2026-05-17T01:21:14,479,0.002203668002039194,0.0019456582376733422
2026-05-17T01:21:14,480,0.0022036624141037464,0.0019456354202702641
2026-05-17T01:21:14,481,0.0022036507725715637,0.001945847412571311
2026-05-17T01:21:14,482,0.0022036591544747353,0.00194574857596308
2026-05-17T01:21:14,483,0.0022036603186279535,0.0019457913003861904
2026-05-17T01:21:14,484,0.002203649142757058,0.0019457823364064097
2026-05-17T01:21:14,485,0.002203649841248989,0.0019457757007330656
2026-05-17T01:21:14,486,0.0022036468144506216,0.0019457570742815733
2026-05-17T01:21:14,487,0.0022036537993699312,0.0019457947928458452
2026-05-17T01:21:14,488,0.002203654497861862,0.0019458499737083912
2026-05-17T01:21:14,489,0.002203655429184437,0.0019457367016002536
2026-05-17T01:21:14,490,0.0022036596201360226,0.0019458280876278877
2026-05-17T01:21:14,491,0.0022036556620150805,0.001945824478752911
2026-05-17T01:21:14,492,0.00220366264693439,0.0019458145834505558
2026-05-17T01:21:14,493,0.0022036603186279535,0.0019458921160548925
2026-05-17T01:21:14,494,0.002203653333708644,0.001945807016454637
2026-05-17T01:21:14,495,0.0022036489099264145,0.0019458421738818288
2026-05-17T01:21:14,496,0.0022036517038941383,0.001945824595168233
2026-05-17T01:21:14,497,0.0022036598529666662,0.0019457704620435834
2026-05-17T01:21:14,498,0.0022036549635231495,0.0019457809394225478
2026-05-17T01:21:14,499,0.0022036582231521606,0.0019457511371001601
2026-05-17T01:21:14,500,0.002203641925007105,0.0019458431052044034
2026-05-17T01:21:14,501,0.00220365053974092,0.0019457463640719652
2026-05-17T01:21:14,502,0.0022036531008780003,0.0019457763992249966
2026-05-17T01:21:14,503,0.002203648444265127,0.001945742522366345
2026-05-17T01:21:14,504,0.0022036402951925993,0.001945840660482645
2026-05-17T01:21:14,505,0.0022036582231521606,0.0019458772148936987
2026-05-17T01:21:14,506,0.0022036482114344835,0.0019457829184830189
2026-05-17T01:21:14,507,0.0022036561276763678,0.0019457864109426737
2026-05-17T01:21:14,508,0.002203651936724782,0.001945761265233159
2026-05-17T01:21:14,509,0.0022036482114344835,0.001945743104442954
2026-05-17T01:21:14,510,0.00220364797860384,0.0019455370493233204
2026-05-17T01:21:14,511,0.0022036610171198845,0.0019457293674349785
2026-05-17T01:21:14,512,0.002203659387305379,0.0019458301831036806
2026-05-17T01:21:14,513,0.0022036461159586906,0.0019458235474303365
2026-05-17T01:21:14,514,0.0022036489099264145,0.0019458876922726631
2026-05-17T01:21:14,515,0.0022036435548216105,0.0019458233145996928
2026-05-17T01:21:14,516,0.0022036568261682987,0.0019458604510873556
2026-05-17T01:21:14,517,0.0022036537993699312,0.0019458211027085781
2026-05-17T01:21:14,518,0.0022036589216440916,0.0019458113238215446
2026-05-17T01:21:14,519,0.002203648444265127,0.0019458908354863524
2026-05-17T01:21:14,520,0.00220365053974092,0.0019458618480712175
2026-05-17T01:21:14,521,0.002203654497861862,0.0019457442685961723
2026-05-17T01:21:14,522,0.0022036461159586906,0.0019458833849057555
2026-05-17T01:21:14,523,0.0022036503069102764,0.001945807016454637
2026-05-17T01:21:14,524,0.0022036561276763678,0.0019457513699308038
2026-05-17T01:21:14,525,0.0022036584559828043,0.0019457201706245542
2026-05-17T01:21:14,526,0.002203664043918252,0.0019457272719591856
2026-05-17T01:21:14,527,0.0022036454174667597,0.0019458475289866328
2026-05-17T01:21:14,528,0.002203669399023056,0.001945794210769236
2026-05-17T01:21:14,529,0.0022036568261682987,0.001945664407685399
2026-05-17T01:21:14,530,0.002203655196353793,0.0019457744201645255
2026-05-17T01:21:14,531,0.002203648444265127,0.00194577279035002
2026-05-17T01:21:14,532,0.0022036589216440916,0.001945687923580408
2026-05-17T01:21:14,533,0.0022036470472812653,0.0019456682493910193
2026-05-17T01:21:14,534,0.002203646581619978,0.001945791533216834
2026-05-17T01:21:14,535,0.0022036489099264145,0.0019457085290923715
2026-05-17T01:21:14,536,0.0022036468144506216,0.0019458391470834613
2026-05-17T01:21:14,537,0.002203642623499036,0.0019458100432530046
2026-05-17T01:21:14,538,0.00220365053974092,0.00194584543351084
2026-05-17T01:21:14,539,0.0022036531008780003,0.001945875701494515
2026-05-17T01:21:14,540,0.0022036531008780003,0.0019456881564110518
2026-05-17T01:21:14,541,0.0022036561276763678,0.001945703406818211
2026-05-17T01:21:14,542,0.0022036584559828043,0.0019457980524748564
2026-05-17T01:21:14,543,0.002203656593337655,0.001945795607753098
2026-05-17T01:21:14,544,0.0022036510054022074,0.0019457964226603508
2026-05-17T01:21:14,545,0.002203648444265127,0.0019457659218460321
2026-05-17T01:21:14,546,0.0022036531008780003,0.0019457840826362371
2026-05-17T01:21:14,547,0.0022036537993699312,0.0019457045709714293
2026-05-17T01:21:14,548,0.0022036582231521606,0.0019456602167338133
2026-05-17T01:21:14,549,0.0022036489099264145,0.0019456743029877543
2026-05-17T01:21:14,550,0.00220366008579731,0.001945749158039689
2026-05-17T01:21:14,551,0.002203654497861862,0.0019457150483503938
2026-05-17T01:21:14,552,0.0022036570589989424,0.0019457654561847448
2026-05-17T01:21:14,553,0.0022036524023860693,0.0019457237794995308
2026-05-17T01:21:14,554,0.002203664742410183,0.0019457422895357013
2026-05-17T01:21:14,555,0.0022036542650312185,0.0019457829184830189
2026-05-17T01:21:14,556,0.0022036598529666662,0.0019457770977169275
2026-05-17T01:21:14,557,0.0022036537993699312,0.0019457329763099551
2026-05-17T01:21:14,558,0.0022036477457731962,0.0019458113238215446
2026-05-17T01:21:14,559,0.0022036477457731962,0.0019457923481240869
2026-05-17T01:21:14,560,0.0022036610171198845,0.0019456372829154134
2026-05-17T01:21:14,561,0.0022036537993699312,0.001945585710927844
2026-05-17T01:21:14,562,0.00220365053974092,0.0019456915324553847
2026-05-17T01:21:14,563,0.002203646581619978,0.0019456970039755106
2026-05-17T01:21:14,564,0.002203655894845724,0.0019457623129710555
2026-05-17T01:21:14,565,0.002203656593337655,0.0019456683658063412
2026-05-17T01:21:14,566,0.002203666139394045,0.0019457568414509296
2026-05-17T01:21:14,567,0.002203654730692506,0.0019458249444141984
2026-05-17T01:21:14,568,0.0022036528680473566,0.0019457006128504872
2026-05-17T01:21:14,569,0.002203651238232851,0.0019457521848380566
2026-05-17T01:21:14,570,0.00220364797860384,0.0019458952592685819
2026-05-17T01:21:14,571,0.0022036528680473566,0.0019459278555586934
2026-05-17T01:21:14,572,0.0022036482114344835,0.0019458639435470104
2026-05-17T01:21:14,573,0.002203640528023243,0.0019459639443084598
2026-05-17T01:21:14,574,0.002203648677095771,0.0019457896705716848
2026-05-17T01:21:14,575,0.002203647280111909,0.001945778727531433
2026-05-17T01:21:14,576,0.002203654032200575,0.0019457651069387794
2026-05-17T01:21:14,577,0.002203645883128047,0.0019457218004390597
2026-05-17T01:21:14,578,0.002203655429184437,0.001945781521499157
2026-05-17T01:21:14,579,0.002203655196353793,0.0019457333255559206
2026-05-17T01:21:14,580,0.002203649841248989,0.0019456506706774235
2026-05-17T01:21:14,581,0.002203655196353793,0.0019457624293863773
2026-05-17T01:21:14,582,0.0022036577574908733,0.0019458298338577151
2026-05-17T01:21:14,583,0.0022036521695554256,0.0019457790767773986
2026-05-17T01:21:14,584,0.002203648677095771,0.0019457896705716848
2026-05-17T01:21:14,585,0.002203661249950528,0.001945866853930056
2026-05-17T01:21:14,586,0.0022036621812731028,0.001945720287039876
2026-05-17T01:21:14,587,0.002203649375587702,0.0019457603339105844
2026-05-17T01:21:14,588,0.00220365053974092,0.001945751952007413
2026-05-17T01:21:14,589,0.0022036652080714703,0.0019457980524748564
2026-05-17T01:21:14,590,0.002203655196353793,0.001945766038261354
2026-05-17T01:21:14,591,0.0022036521695554256,0.0019457729067653418
2026-05-17T01:21:14,592,0.0022036482114344835,0.0019459091126918793
2026-05-17T01:21:14,593,0.00220365053974092,0.0019458478782325983
2026-05-17T01:21:14,594,0.002203661482781172,0.0019457665039226413
2026-05-17T01:21:14,595,0.002203647280111909,0.0019458860624581575
2026-05-17T01:21:14,596,0.0022036510054022074,0.001945735770277679
2026-05-17T01:21:14,597,0.002203651936724782,0.0019457488087937236
2026-05-17T01:21:14,598,0.0022036537993699312,0.001945696072652936
2026-05-17T01:21:14,599,0.0022036496084183455,0.0019455647561699152
2026-05-17T01:21:14,600,0.0022036489099264145,0.0019456062000244856
2026-05-17T01:21:14,601,0.002203647280111909,0.0019456970039755106
2026-05-17T01:21:14,602,0.0022036589216440916,0.0019458211027085781
2026-05-17T01:21:14,603,0.0022036468144506216,0.0019457904854789376
2026-05-17T01:21:14,604,0.002203651238232851,0.0019457037560641766
2026-05-17T01:21:14,605,0.002203646581619978,0.0019456847803667188
2026-05-17T01:21:14,606,0.0022036537993699312,0.0019457462476566434
2026-05-17T01:21:14,607,0.0022036489099264145,0.0019457964226603508
2026-05-17T01:21:14,608,0.0022036496084183455,0.0019457763992249966
2026-05-17T01:21:14,609,0.0022036496084183455,0.0019458017777651548
2026-05-17T01:21:14,610,0.0022036510054022074,0.0019456855952739716
2026-05-17T01:21:14,611,0.0022036489099264145,0.001945727039128542
2026-05-17T01:21:14,612,0.002203655429184437,0.0019458518363535404
2026-05-17T01:21:14,613,0.0022036470472812653,0.0019458078313618898
2026-05-17T01:21:14,614,0.0022036517038941383,0.0019458711612969637
2026-05-17T01:21:14,615,0.002203649841248989,0.0019457314629107714
2026-05-17T01:21:14,616,0.002203649375587702,0.0019457460148259997
2026-05-17T01:21:14,617,0.002203655196353793,0.0019458504393696785
2026-05-17T01:21:14,618,0.0022036638110876083,0.0019456867594271898
2026-05-17T01:21:14,619,0.0022036440204828978,0.0019457449670881033
2026-05-17T01:21:14,620,0.002203656593337655,0.0019457173766568303
2026-05-17T01:21:14,621,0.002203648677095771,0.00194578489754349
2026-05-17T01:21:14,622,0.002203647280111909,0.001945866853930056
2026-05-17T01:21:14,623,0.0022036507725715637,0.001945811090990901
2026-05-17T01:21:14,624,0.0022036454174667597,0.001945964409969747
2026-05-17T01:21:14,625,0.0022036531008780003,0.001945795607753098
2026-05-17T01:21:14,626,0.002203652635216713,0.00194566510617733
2026-05-17T01:21:14,627,0.0022036463487893343,0.0019456009613350034
