Date,A,B,C,BM1,BM2
2025-01-02,1.0,1.0,1.0,0.9999999999999998,1.0
2025-01-03,0.9986171691327448,0.9986171691327448,0.9990522530842537,1.0041017529763756,1.0041017529763754
2025-01-06,0.9968234095872774,0.9968234095872774,0.9951529943863897,0.9976036644381785,0.9976036644381786
2025-01-07,1.0069757911968098,1.0069757911968098,1.00397650720122,0.9998277229215096,0.9998277229215097
2025-01-08,0.9978232294429589,0.9978232294429589,0.9973086469776101,1.0012856877675442,1.0012856877675445
2025-01-10,0.9938107492187201,0.9938107492187201,0.9925516136415179,0.9934303496692172,0.9934303496692174
2025-01-13,1.0060129740667387,1.0060129740667387,1.0051705920809375,0.9998976882774204,0.9998976882774205
2025-01-14,1.0016297690418745,1.0016297690418745,1.0032387524252238,1.0068186916978832,1.0068186916978832
2025-01-15,1.0042315765829986,1.0042315765829986,1.0056741375303635,1.0104268184504837,1.0104268184504839
2025-01-16,1.0138524285490933,1.0138524285490933,1.0146516727122288,1.0190590993039432,1.0190590993039434
2025-01-17,1.0131517779103751,1.0131517779103751,1.0164388832772822,1.0244299385987594,1.0244299385987596
2025-01-21,1.0140422963103397,1.0140422963103397,1.0166956628438095,1.0336240235157719,1.033624023515772
2025-01-22,1.0024326795836456,1.0024326795836456,1.004481335315425,1.0273382833752942,1.0273382833752944
2025-01-23,1.010881298632267,1.010881298632267,1.0109910381975877,1.0367349774203518,1.0367349774203516
2025-01-24,1.004652855969851,1.004652855969851,1.0063747014016666,1.0344992791299246,1.0344992791299246
2025-01-27,1.0260787045716067,1.0260787045716067,1.0291408658325258,1.0487366929074295,1.0487366929074293
2025-01-28,1.015933266046968,1.015933266046968,1.0160539793175116,1.0364327261650885,1.0364327261650883
2025-01-29,1.0167116575325477,1.0167116575325477,1.0179954528519042,1.0348000426702004,1.0348000426702002
2025-01-30,1.0329176069900687,1.0329176069900687,1.0343853121892113,1.0481492178844307,1.0481492178844305
2025-01-31,1.0212051385666552,1.0212051385666552,1.0219504445426135,1.0397004658831213,1.039700465883121
2025-02-03,1.0221608128152477,1.022160812815248,1.0222444670378998,1.0431842761535979,1.0431842761535977
2025-02-04,1.0095043146277296,1.0095043146277298,1.015307811820562,1.0392596549295705,1.0392596549295703
2025-02-05,1.0164320315795377,1.0164320315795379,1.0224078645371848,1.0450393323823493,1.0450393323823493
2025-02-06,1.012608176708861,1.0126081767088613,1.0193673438355229,1.0423530283140852,1.042353028314085
2025-02-07,1.0090886102432337,1.0127160242447146,1.0180896400057613,1.0387447065075717,1.0387447065075717
2025-02-10,1.0135843606979185,1.018276980348454,1.0250402675104748,1.0428180217099876,1.0428180217099874
2025-02-11,1.0271304043535987,1.0320098161361881,1.043471482488187,1.0496279720235173,1.0496279720235173
2025-02-12,1.0277275841052873,1.027114007921452,1.0445174183036026,1.0444778519941322,1.0444778519941322
2025-02-13,1.0303258813672198,1.0279711843009312,1.0495643828133523,1.049088452232529,1.0490884522325292
2025-02-14,1.0226509244679076,1.0228828180655067,1.0423784037360493,1.043788893591424,1.0437888935914241
2025-02-18,1.028181231901606,1.027698587883164,1.0483676916370668,1.0492464727478856,1.049246472747886
2025-02-19,1.0423802079712776,1.0367338680429403,1.061838951045478,1.0586481340595681,1.0586481340595684
2025-02-20,1.0470313831877016,1.044967969085863,1.0661406586519009,1.058758533485926,1.0587585334859262
2025-02-21,1.0519630723108049,1.0468616461698141,1.071906675354111,1.0555590661537846,1.055559066153785
2025-02-24,1.0601299082792959,1.0520993614482301,1.0769344589569803,1.0598295543486322,1.0598295543486325
2025-02-25,1.0613805761207948,1.0495559940909862,1.0792167620603874,1.0636580081841,1.0636580081841007
2025-02-26,1.0439752280973833,1.044332951284757,1.0636565546702412,1.0564764191700011,1.0564764191700013
2025-02-27,1.0500865828524608,1.048453801158031,1.0689049072701249,1.0574354381334363,1.0574354381334368
2025-02-28,1.0598371777252225,1.0545661182630859,1.077932158623031,1.0674464541702366,1.067446454170237
2025-03-03,1.0557679689536914,1.049860521355174,1.0747693861948544,1.0609108690355695,1.06091086903557
2025-03-04,1.0315759235627961,1.048101886884849,1.0503626031192022,1.0386458843868522,1.0386458843868527
2025-03-05,1.0337850762923604,1.0454352878076512,1.0503622315734342,1.0432880797412765,1.043288079741277
2025-03-06,1.0358731712250355,1.0515755961336446,1.0540921283496782,1.0417045567753411,1.0417045567753414
2025-03-07,1.0383697919383827,1.0557658121100597,1.0589549412048391,1.056381318321507,1.056381318321507
2025-03-10,1.038132348945042,1.0624441312605568,1.0604935991738464,1.0559519399093624,1.0559519399093626
2025-03-11,1.0369525229591678,1.0563108161558739,1.0569620191659639,1.0398982976290878,1.0398982976290883
2025-03-12,1.0332802091817483,1.0531751470091686,1.051663978013508,1.0364994926952529,1.036499492695253
2025-03-13,1.035328753512432,1.0553560313987762,1.051944532402531,1.0359849526059524,1.0359849526059524
2025-03-14,1.0443345847896697,1.0613176856271969,1.0614228225385993,1.0492787405500394,1.0492787405500397
2025-03-17,1.0530902501768025,1.0671777226351313,1.0714208172330588,1.0601394551551695,1.0601394551551697
2025-03-18,1.0519491551804834,1.066794965315535,1.0690680125351997,1.0567715761994645,1.0567715761994645
2025-03-19,1.0661429211700528,1.068541391396723,1.0815421379957455,1.064710138475963,1.0647101384759632
2025-03-20,1.0702804931741032,1.071062560160765,1.085908308689543,1.061735545197153,1.0617355451971533
2025-03-21,1.0700280989552287,1.0666599781007193,1.083834489738311,1.0594478283557602,1.0594478283557605
2025-03-24,1.072525371146853,1.0653811034490377,1.0868883242674847,1.065949716158105,1.0659497161581053
2025-03-25,1.0622577380921279,1.05658603692484,1.0799099603442008,1.0645550035852753,1.0645550035852755
2025-03-26,1.065858141318359,1.0602081840175166,1.0865283053404562,1.0695032519776404,1.0695032519776404
2025-03-27,1.0686585431519702,1.0589808316534077,1.0905625013203148,1.0682704730798032,1.0682704730798032
2025-03-28,1.0650663422598414,1.0629218002641185,1.0862149760871045,1.06169688611396,1.06169688611396
2025-03-31,1.0716656938580087,1.0641844685061623,1.0951626521469138,1.0721804815119003,1.0721804815119005
2025-04-01,1.0470458560817324,1.0579245901952465,1.0746296837966647,1.0685011168247596,1.0685011168247593
2025-04-02,1.0469403876993524,1.0566616542522735,1.0737249759608318,1.0664331386376198,1.0664331386376196
2025-04-03,1.0249389890699128,1.0561491908809937,1.0566749676894471,1.038978694779308,1.0389786947793078
2025-04-04,0.9615198215294882,1.0441194394157283,0.9935394206890334,0.9777711649028914,0.9777711649028912
2025-04-07,0.9538731607464008,1.0433761211770216,0.9829533680563531,0.9659229184860493,0.9659229184860489
2025-04-08,0.9446934010403909,1.037643847605605,0.9748388271000356,0.9558292333485139,0.9558292333485138
2025-04-09,0.9957025928177555,1.0454245449798414,1.0223152460432452,1.0058522218972532,1.0058522218972532
2025-04-10,0.9667894132141013,1.0342951120914923,0.9977670155659605,0.9856541110055845,0.9856541110055846
2025-04-11,0.984489854872201,1.0386430120903516,1.0156538998664402,1.000011463215483,1.000011463215483
2025-04-14,0.9942300285806513,1.03861679318358,1.0263127874716746,1.0128192339440885,1.0128192339440885
2025-04-15,0.9844467062153369,1.036570267236522,1.0170409865216796,1.0080634422683379,1.0080634422683379
2025-04-16,0.9827618933889478,1.031466065332048,1.016764286264321,0.9994470722716912,0.9994470722716909
2025-04-17,1.006857652198718,1.0356210822927774,1.0410337545405413,1.0132368438740218,1.0132368438740218
2025-04-21,0.9989915497119769,1.035222758659018,1.033041993378522,0.9994688839944554,0.9994688839944552
2025-04-22,1.015607568118755,1.0382014593350422,1.0506204946515683,1.023383710069935,1.0233837100699348
2025-04-23,1.020881637248941,1.0375967037860534,1.0529516949458622,1.024426897898887,1.024426897898887
2025-04-24,1.027973763408988,1.0404957282470855,1.0575398709261723,1.0296201765088908,1.0296201765088906
2025-04-25,1.035105490553847,1.0480544651604045,1.0609503870812071,1.028976523226822,1.028976523226822
2025-04-28,1.0420921807042964,1.0491944832188311,1.066435380053473,1.0343999109893272,1.0343999109893272
2025-04-29,1.0474163669345757,1.0530285226684126,1.0713129870134654,1.0421028342338188,1.0421028342338188
2025-04-30,1.045894183435453,1.0542467396710817,1.068622388876932,1.0426502880104773,1.0426502880104773
2025-05-01,1.0349201026071058,1.0494457167660236,1.0575547243204046,1.0370396928171206,1.0370396928171206
2025-05-02,1.0417409204730925,1.0492440696424015,1.064461570734608,1.0447516660426557,1.0447516660426555
2025-05-05,1.0348961013997493,1.0483862754145983,1.0570133885185622,1.0412259231421053,1.0412259231421053
2025-05-06,1.0270827327845313,1.038768062618745,1.0529527536194958,1.0395495094719345,1.0395495094719345
2025-05-07,1.0323636142375656,1.0389783561717232,1.0590402323394588,1.0477314070267165,1.0477314070267165
2025-05-08,1.0325806963522943,1.0351176417720072,1.05797834927935,1.0471325423901805,1.0471325423901805
2025-05-09,1.0301237584149765,1.03063857982189,1.05585395607831,1.0453025504863236,1.0453025504863238
2025-05-12,1.0466625933715805,1.0427397832848904,1.0667005456069059,1.0565171415791135,1.0565171415791135
2025-05-13,1.0330467811506605,1.0328867059858935,1.0551203469531838,1.0531176184705013,1.0531176184705013
2025-05-14,1.0194478475372428,1.019289879587346,1.0246117837775945,1.0498589494217039,1.0496798557403162
2025-05-15,1.037881783214513,1.0377209588448058,1.0432033029198913,1.0695145332962512,1.0686864202726358
2025-05-16,1.0480444876864208,1.0467517677819755,1.0563713321950075,1.0800522528272793,1.0791731095512014
2025-05-19,1.0477666290516379,1.0482486286096167,1.0648349170446259,1.0834518034660168,1.0824133440902413
2025-05-20,1.0468273573389169,1.0488729379152233,1.0696763858538683,1.0828360859618271,1.0817093149294508
2025-05-21,1.0387358418202166,1.04297571680698,1.0584831511824155,1.0701239814034635,1.069084135719576
2025-05-22,1.0360491343021627,1.0431413529490656,1.0635956509286357,1.0654964565878835,1.064924520309091
2025-05-23,1.0339801235074702,1.0430171833688588,1.06159309312383,1.0665534828615761,1.0654337542331054
2025-05-27,1.0398753855695935,1.0462509401242177,1.0642719353176395,1.0765357420287878,1.0753051437538201
2025-05-28,1.0219323419586153,1.0384516515663025,1.0468876105839047,1.0663409551010283,1.0646248032957317
2025-05-29,1.009322156717745,1.0418254190201393,1.047509114376369,1.0686552383493337,1.0662654892638133
2025-05-30,1.0131784419493766,1.0444455624772204,1.0526126007699925,1.072989482830755,1.070388766208332
2025-06-02,1.0131564766965462,1.0443730807723215,1.048657024966739,1.0728892349110766,1.069891427910421
2025-06-03,1.0171777736074512,1.048331304721494,1.0566120185730297,1.0751687059541049,1.0724756939733895
2025-06-04,1.0146343600065706,1.0483727825502143,1.063163635507543,1.069027002102331,1.0664808502706729
2025-06-05,1.0074232627457378,1.0456681916490975,1.0559618786026963,1.064903080952911,1.0620474671510238
2025-06-06,1.0227175948616039,1.054316700739604,1.073501697281234,1.072579507899881,1.0700942330221541
2025-06-09,1.026003669501401,1.0566935706913825,1.078108134301577,1.073919113548492,1.0715477768355097
2025-06-10,1.042492511910169,1.0666048993584412,1.101053290956841,1.0772923451107752,1.0757897577264859
2025-06-11,1.037803018499414,1.0680621580466145,1.0931850649914845,1.0791742377090068,1.0770438100132598
2025-06-12,1.0441690307626712,1.0728722239359447,1.1078620094269862,1.0787642922104228,1.0774279224309944
2025-06-13,1.0393592223703674,1.0772573318543555,1.1082726919067143,1.072249065088505,1.0708342543510503
2025-06-16,1.0421590227202064,1.0781089019479593,1.1084557165325921,1.0736953459478942,1.072576004790216
2025-06-17,1.0296472341216028,1.0738850134402596,1.0835892155730038,1.0674316368425152,1.0659003182899276
2025-06-18,1.0264658424771516,1.0751301231186208,1.0893102488542152,1.0648122618072833,1.0635078891540348
2025-06-20,1.0256369401049064,1.0773749120395817,1.088017018813547,1.0721620475489149,1.0704260776858145
2025-06-23,1.0262727820325206,1.0748122558247446,1.0955834028682363,1.084503797848278,1.081973072830059
2025-06-24,1.02840860343389,1.0687004734555625,1.094713209004936,1.0861570797505131,1.0837625910806508
2025-06-25,1.025139790034227,1.0670299706342934,1.0885815260193785,1.07907700254506,1.07688887036891
2025-06-26,1.0267127756701266,1.0679700794102744,1.0835355417356043,1.086197274604124,1.0837720439510823
2025-06-27,1.0298582828600824,1.0675170788114745,1.0864243659534643,1.092747459956418,1.090124340830807
2025-06-30,1.026150971035303,1.0645949728137645,1.0849388342346125,1.0967496081363168,1.0937672515328487
2025-07-01,1.0514167671396994,1.0745669216959393,1.115402646427532,1.104437977333766,1.1032190095417416
2025-07-02,1.056562644625687,1.0796514730986535,1.1224662583576468,1.1034260479364166,1.1030390701308452
2025-07-03,1.0581549496705565,1.0780611611752697,1.1126735283535427,1.1085136959241662,1.1076411854045576
2025-07-07,1.0486361175123164,1.0758866353374337,1.1087648161069261,1.107249744219141,1.1058169413231673
2025-07-08,1.0579036206349484,1.0831015192046232,1.1175401240313436,1.1067736739683378,1.10585271015992
2025-07-09,1.0601655748405532,1.0885911340020684,1.1365404565645059,1.1123050654598823,1.1113352631324585
2025-07-10,1.0667646414872851,1.0915592869595911,1.1425166310589139,1.120053986286445,1.1191272445814813
2025-07-11,1.0626832842124994,1.090794139225452,1.136436034821853,1.1161647193672597,1.1149967525057347
2025-07-14,1.0544352094959089,1.0887515703895494,1.1354290061358865,1.1181859826729779,1.1161118271780324
2025-07-15,1.041960852913745,1.0812256899499357,1.113494683404559,1.1105010866514475,1.1077079375166217
2025-07-16,1.0560077832566905,1.0823372808281704,1.128472059014711,1.1181844883857217,1.115695514139894
2025-07-17,1.0559549250565925,1.0788481388350262,1.120225567663302,1.1209222686908793,1.1186400258436882
2025-07-18,1.0459203223953097,1.0672021222657144,1.1015342728399675,1.118078946630155,1.1152643149100043
2025-07-21,1.0443456683237873,1.0660215946430927,1.0966412205990614,1.1198905984787604,1.1169128300347626
2025-07-22,1.059543674969466,1.0731714143631144,1.1207946258385577,1.1272987360497146,1.1253399367775274
2025-07-23,1.072286427220305,1.0821532006671746,1.1445423393375562,1.1378795339817651,1.1366742290060428
2025-07-24,1.0731189552043292,1.0841814091171589,1.146873607859769,1.1328213591793461,1.1318630679172053
2025-07-25,1.0724334840992589,1.0849648907301797,1.1505361031152856,1.1362291232939752,1.1351311256894152
2025-07-28,1.068228343374087,1.0853439800466331,1.14385006399183,1.1301402757961045,1.129249137122714
2025-07-29,1.0723437617654892,1.0844562012069696,1.1363744029352219,1.130147367500036,1.128895360604099
2025-07-30,1.0604036341427898,1.0802633511248734,1.1249292650868161,1.1275066476772613,1.1256887602262031
2025-07-31,1.0421106381993175,1.0701678090011633,1.0894983234947033,1.1183006303182017,1.1150878685521948
2025-08-01,1.0448115596839034,1.0695390210486482,1.0995551233943206,1.1140885388103499,1.110890900515649
2025-08-04,1.0513680321348702,1.0666479909756275,1.1052712017494095,1.1241207020888628,1.1205744063258183
2025-08-05,1.0541415003252688,1.0688740227670515,1.1132271762785364,1.1229253506374322,1.1196902668603685
2025-08-06,1.0500660104596622,1.06384661300043,1.100756738199299,1.1236464448223358,1.1201271153526382
2025-08-07,1.0582123663226484,1.065218849898794,1.110425900046077,1.1262103524817864,1.1228604510007953
2025-08-08,1.0690485389460125,1.067776263634973,1.117076341233787,1.1300644526943886,1.1269447812538014
2025-08-11,1.0622952153943688,1.0640898928755613,1.1096809579483717,1.1277006440185744,1.1244829225394948
2025-08-12,1.0713009838370808,1.0654111718641213,1.1135723012473444,1.1350534363425222,1.1321286381840525
2025-08-13,1.0863249718458683,1.0747576753780317,1.1387109953610972,1.1391622173737797,1.1372740991836907
2025-08-14,1.0818986989750747,1.074448123253126,1.1376552244838825,1.1320724872101904,1.1301429135120633
2025-08-15,1.0878954238007856,1.0784150847937826,1.1519623840622026,1.1289116410275417,1.1272401884957097
2025-08-18,1.0861848049106733,1.07890656009896,1.1513358514856997,1.1271804310603883,1.1258569137194596
2025-08-19,1.0958704257152179,1.082141008325424,1.1611827406469715,1.1332865253001463,1.1321812673621876
2025-08-20,1.096199509266298,1.0836893834727828,1.1610807372725465,1.1390847526219487,1.1376437142414815
2025-08-21,1.1021882848174493,1.0887226425749297,1.1746436181592315,1.1393148051778705,1.1383478987727107
2025-08-22,1.1180392558515408,1.096072371972237,1.1905706040020154,1.1503516356724393,1.1501236601350873
2025-08-25,1.1068330777314532,1.0918098803059022,1.1709967734471163,1.1419793904757234,1.1417156561384199
2025-08-26,1.100145891841084,1.0905022340051291,1.1662938497226516,1.1430962626437642,1.1418775006192383
2025-08-27,1.101759555203806,1.0906062113644148,1.1606979765014331,1.1456705218686563,1.144446340126402
2025-08-28,1.1075819962682185,1.0895356730852246,1.154613660479554,1.1456694642663692,1.144753046048474
2025-08-29,1.1175391983819873,1.0937257987515865,1.166321731542711,1.1464963683005664,1.1459531910292196
2025-09-02,1.1264171129193974,1.0980279368921626,1.1802301286741714,1.1475500363249698,1.1473800564981873
2025-09-03,1.1153576825971308,1.0946881233359211,1.1643595607104076,1.1392417746908183,1.138594852744615
2025-09-04,1.1162596407218337,1.0943500300666258,1.1640005512952012,1.1436152588634991,1.142811033100548
2025-09-05,1.113597883404057,1.0960686807058093,1.1652468816002488,1.141494735661102,1.1409734580920827
2025-09-08,1.11119645334237,1.0944642396456221,1.1599336908553324,1.1379319909188161,1.1373494138790365
2025-09-09,1.1117994156197308,1.0958178444009268,1.1647813816806856,1.137498876512647,1.1367047688657153
2025-09-10,1.1094449766954437,1.0943154909105464,1.1608964642404442,1.1384727205899183,1.1371867173382983
2025-09-11,1.1142240877088994,1.0972326213589334,1.1719553586799378,1.145641405641867,1.144851646866215
2025-09-12,1.1026708413171142,1.091202022059612,1.149947498071657,1.1389930562596873,1.137634892436756
2025-09-15,1.0968949689769931,1.0885937746869128,1.1403241419034136,1.1381735567024007,1.136377764963714
2025-09-16,1.1003339699001162,1.0887818719369127,1.1435400781796312,1.1375349362849263,1.1357906378153548
2025-09-17,1.106649893302015,1.0889161551510205,1.1466763404714255,1.143190755790754,1.1418011911108543
2025-09-18,1.1020881409563335,1.0899629271446996,1.145811157974972,1.1425695111002734,1.1408123011239768
2025-09-19,1.1017318613672742,1.0899094540800995,1.1454691998546067,1.1430001771868397,1.1407116305654021
2025-09-22,1.094745251279411,1.086940992084904,1.132865340990884,1.1378570147883194,1.135349047212792
2025-09-23,1.0981573871876842,1.0903288034363876,1.1326230936358437,1.1480852226853782,1.1448936788031223
2025-09-24,1.097565390499795,1.0897410269957104,1.1295529879076969,1.1440066928033508,1.1408779759592
2025-09-25,1.0918941233530786,1.0821506360987818,1.1118505620283794,1.140269582647733,1.136562490445272
2025-09-26,1.0971514886617266,1.0843090709394612,1.1193687469202467,1.1479990539499048,1.1441709279022025
2025-09-29,1.0943099017887854,1.087050883558709,1.1200953913537959,1.149238981265225,1.1457437652662485
2025-09-30,1.1074930318047442,1.1029446068038322,1.1621528926564657,1.1605093237317956,1.157045136930068
2025-10-01,1.1232211374727732,1.1200950175668793,1.2102765381294576,1.1601703445231142,1.1571712139301804
2025-10-02,1.1163270408597925,1.114620344607124,1.2008673884226384,1.1592252180258213,1.1558104224200592
2025-10-03,1.121661754488786,1.1160008089799676,1.2028685594622492,1.1646794396128384,1.1613601817688326
2025-10-06,1.1179511918285165,1.110456536811418,1.1963227090240016,1.1651716664805154,1.1611435455099735
2025-10-07,1.1205726899734987,1.1129437645585651,1.1929133139001031,1.17114844609489,1.166730095359828
2025-10-08,1.1120404040754643,1.104937120745143,1.178847978899993,1.1738914858748908,1.1692840514753768
2025-10-09,1.1133854187034604,1.1084248781628443,1.1873420247501207,1.1643827296814506,1.1601847216336905
2025-10-10,1.1061750642069796,1.1055268138077006,1.1769183179794585,1.1506797471676822,1.1465849368890761
2025-10-13,1.1044023931522444,1.100740025912924,1.1727194599891289,1.1570879340159672,1.1528070369591714
2025-10-14,1.1067720882813363,1.1030037810723246,1.1701515030972747,1.169808626968172,1.1658078048997662
2025-10-15,1.0998976375113847,1.0974886482726491,1.1616175291778157,1.1677775431840558,1.1630451978593948
2025-10-16,1.1024143441232108,1.101907479875221,1.1638440546140056,1.1613744231909762,1.15623150580477
2025-10-17,1.1133141752328557,1.1096153083159497,1.1771537239111696,1.1666627542378034,1.161945306528185
2025-10-20,1.119068178959869,1.1144406787259613,1.1896119961706622,1.1770515246516635,1.172635850563259
2025-10-21,1.1310491307513293,1.1263522958626624,1.211988494213831,1.1828158447383548,1.178562648305596
2025-10-22,1.1346004052962217,1.1271883335475634,1.212092507877554,1.1815656459904487,1.1780284409662134
2025-10-23,1.1332258936644983,1.1260966745490455,1.2058128167594315,1.1880146229697135,1.184334297186625
2025-10-24,1.1341382665654038,1.128889678055569,1.2079198981259343,1.1888605648052664,1.184420391236135
2025-10-27,1.1365649320421158,1.129095353494921,1.213092848818159,1.194806089544587,1.1893901561970834
2025-10-28,1.1320453307057532,1.1260555558618544,1.2052349103433078,1.1851093038977172,1.1798536090412317
2025-10-29,1.1239397498180113,1.1210227712581988,1.1921514279724592,1.182351749538104,1.1746727672686186
2025-10-30,1.1230592691417753,1.1214665909122354,1.1923274417230205,1.1700177081229053,1.1619524519838584
2025-10-31,1.1225578006661576,1.121871315631587,1.1901897948886542,1.1630968773754704,1.155378125489314
2025-11-03,1.1057276513413141,1.1092572291368157,1.1568827725627984,1.14997267695644,1.14081370550459
2025-11-04,1.1111142310105715,1.111667792600163,1.1700111183885977,1.1442022582004991,1.1356569105422938
2025-11-05,1.1090538056863546,1.110988105147648,1.1717604842983436,1.147910511821269,1.1389168662945266
2025-11-06,1.1166052730870948,1.115166196964433,1.1857291521983657,1.149404914142625,1.1403494797482132
2025-11-07,1.1293293107749158,1.1177635248621243,1.1990982818127187,1.1582548619906055,1.1496892032708002
2025-11-10,1.1301161651101383,1.1167302595320292,1.2018336616324259,1.1647374469778966,1.1550986656242397
2025-11-11,1.1522575382550309,1.1322100015474,1.2426407122764074,1.1758322408195407,1.1671193946979408
2025-11-12,1.1491866434849898,1.1326469264380838,1.2441948194018164,1.1768610749411812,1.1684588031677834
2025-11-13,1.15271813180322,1.1325704104422398,1.2536043411848716,1.1651909400851055,1.15755479450423
2025-11-14,1.1555287574287068,1.1321264313359565,1.254800972162365,1.1660020474097572,1.1580847205665754
2025-11-17,1.1478062371705695,1.1292898164037184,1.249082641046892,1.1585457639958157,1.1501001364849759
2025-11-18,1.162860940419786,1.131101995663128,1.2800516591575721,1.1573115777718348,1.1499902721909332
2025-11-19,1.155890869881583,1.131101995663128,1.268250930847468,1.1524845179495082,1.1441104765166956
2025-11-20,1.1572585739542194,1.1329488148586053,1.2691055781682756,1.1432113801393124,1.1357335694570267
2025-11-21,1.1740961108911276,1.1371231134203619,1.3005384420920432,1.153691427180124,1.1479859771267344
2025-11-24,1.1709220298176657,1.1311858473652194,1.313198189860037,1.155386330006528,1.148786646521494
2025-11-25,1.1827132132231004,1.133510088971634,1.351334970477737,1.164462929589473,1.1590338238414635
2025-11-26,1.1814416593213697,1.133143677890445,1.3454310562079714,1.1696896952402729,1.163438852162199
2025-11-28,1.1848956729449844,1.1330061164918424,1.3488621022482705,1.1765642675010368,1.1702838977072598
2025-12-01,1.1762596138534214,1.1319049248285578,1.3242971607678093,1.1633363939066292,1.1581055344054547
2025-12-02,1.1651838851070697,1.1294789625974109,1.3096781474297539,1.163990389529862,1.1578990310725148
2025-12-03,1.1747515088807121,1.130795384081146,1.3219641576821923,1.1679112660300293,1.1624169462422125
2025-12-04,1.166908364241181,1.128714314571005,1.308480771882741,1.1653627605125578,1.1590521230259292
2025-12-05,1.1584491572145164,1.1257480855270359,1.2954781694947877,1.158762846913556,1.1529200363508694
2025-12-08,1.1480745344862229,1.117727762467389,1.285269589175647,1.1537971963169724,1.1470857124119618
2025-12-09,1.1494519681770832,1.1198122907211308,1.2731531968616627,1.1505048819256576,1.1437156600821725
2025-12-10,1.1543983619723066,1.1201170539196186,1.2801488196143536,1.1580687829962149,1.1514492466665451
2025-12-11,1.1556207496487279,1.1216231383503283,1.285772670433918,1.1648702654601326,1.1580121595916457
2025-12-12,1.1653707338659545,1.1249379602272955,1.3036097434569138,1.1669059493530674,1.159394458958134
2025-12-15,1.1704137392602163,1.1285449525657678,1.3132673932572791,1.1701530310014343,1.1628083248735244
2025-12-16,1.1577951793799033,1.1286693698766352,1.2937480703159083,1.161902818867538,1.1548475381950734
2025-12-17,1.170585105174359,1.132711162353764,1.3066233881470775,1.1626963177902776,1.1572369254192616
2025-12-18,1.1677605712369068,1.1292013667212202,1.3129287764810083,1.1616220499038454,1.1549158068588332
2025-12-19,1.1662919174804371,1.1275562931544214,1.3132865661944848,1.1607024774116244,1.1531065206947115
2025-12-22,1.1752277616809954,1.1247932126832223,1.3390809885982604,1.1696858401271326,1.161716833959384
2025-12-23,1.1781414421683412,1.125565701830406,1.341129347457122,1.171713655842347,1.1637954612847314
2025-12-24,1.1838750295506903,1.127625388641025,1.353478941919116,1.1770248633632578,1.1693000768842885
2025-12-26,1.1839897184321726,1.1280155754954089,1.3547243380603986,1.1766328959663963,1.1693414999489293
2025-12-29,1.1871626553224037,1.1277505976640072,1.3560527344990465,1.1758043153184072,1.1686861836665574
2025-12-30,1.1856631350730118,1.126939311916133,1.3514848384368923,1.1764247485024395,1.169350761018619
2025-12-31,1.180840900305428,1.125781491124933,1.3437708757722515,1.168184067315066,1.161197863065869
2026-01-02,1.1828705676921714,1.1233933787813737,1.348156688341397,1.1811982051065697,1.1725224202551479
2026-01-05,1.1838899689216817,1.121143274792414,1.3493696561431827,1.1865258827255396,1.1775403399172426
2026-01-06,1.1777763448725291,1.1204084731051718,1.35491051285301,1.1909243848580475,1.181743771314014
2026-01-07,1.1680204743404166,1.1174134283584953,1.3473616383685247,1.1708921407188326,1.1616573010541276
2026-01-08,1.194111195835339,1.1230636405589112,1.380793042363833,1.187118971635873,1.1800027518654108
2026-01-09,1.2009230594912208,1.1236032367851512,1.3854334738553922,1.1981581562545507,1.190360456425363
2026-01-12,1.199551071159698,1.1261217974122975,1.3775653827082361,1.2065514095378,1.1971704082697234
2026-01-13,1.206185363999415,1.1273463462942497,1.3778242617953933,1.216610565202637,1.206638498584585
2026-01-14,1.223496871167588,1.130644627207564,1.4031237413469515,1.2271171305358606,1.2182493328313786
2026-01-15,1.2152336275220155,1.1279869831610627,1.3950873757073479,1.2299198237185436,1.220857749870207
2026-01-16,1.2116710512560633,1.1278309949862968,1.3806266449489553,1.2332051754096665,1.2232034026262
2026-01-20,1.2227633102123743,1.1316859075680032,1.3949553839467388,1.21637168714242,1.208006366027238
2026-01-21,1.2316995904691665,1.1302385901532024,1.4091728724668995,1.228350028156106,1.21970853280691
2026-01-22,1.2335239979519872,1.136227914695426,1.39944920800714,1.2211544372663492,1.2146160407086637
2026-01-23,1.2393027626190352,1.13817717780186,1.4000599759604921,1.2212033822544865,1.2151731415511127
2026-01-26,1.2350991194979142,1.1371766171599829,1.3920879990041057,1.2242747082838392,1.2175714725892712
2026-01-27,1.2414106987195337,1.1354269773927606,1.4010161181672782,1.2275469566476749,1.220260515656346
2026-01-28,1.2370971423482227,1.1338961380743082,1.390717834069494,1.2207634503452107,1.213357276441398
2026-01-29,1.2512510903579985,1.1378363707397516,1.407727212050274,1.2258875992416358,1.2183731301600307
2026-01-30,1.2651191492825022,1.1406752829436333,1.431167642216168,1.2351701686076726,1.227885141356091
2026-02-02,1.2576528535875293,1.1339434119105893,1.4292529112962682,1.2373448262583189,1.2286076842528788
2026-02-03,1.2639894295439613,1.1396566884633126,1.4150399297372804,1.252401117476177,1.243121782402078
2026-02-04,1.3016066334872038,1.1735736636160812,1.4623612259423502,1.266860378040896,1.2615244569250197
2026-02-05,1.2926760556258698,1.1655215450195011,1.439235766750476,1.2654419174350386,1.2595680291488904
2026-02-06,1.3241155041239965,1.193868441698388,1.475284239881326,1.2910891800592013,1.2836511658386887
2026-02-09,1.3159428359844272,1.181783671509138,1.462893458362562,1.2902013554481724,1.2826366911681215
2026-02-10,1.3298248720230563,1.1917624853268876,1.4837069060092918,1.293746058820031,1.287174014702713
2026-02-11,1.3390331058800125,1.194105579841201,1.4875744700424403,1.2994298996318894,1.292807250524936
2026-02-12,1.316032628222081,1.1736916119603127,1.4464990707480032,1.2988890373751678,1.292931844467095
2026-02-13,1.3260629547004783,1.1829712510615595,1.4649497485995524,1.3129178216661634,1.3070238124232834
2026-02-17,1.3172694465698727,1.1753675431507322,1.440236961746465,1.3083714077561428,1.3007023260728352
2026-02-18,1.3116872298250006,1.1731184072592493,1.4338896009418616,1.3041078399807857,1.295520849417106
2026-02-19,1.301012599888573,1.1714116073325913,1.4260792277699095,1.307970476834237,1.297695637778424
2026-02-20,1.3102938075907453,1.1797182773480832,1.4385705799594934,1.3086105290494912,1.2989228248246671
2026-02-23,1.3022481774858032,1.1826276113943726,1.4272109432332873,1.307177132366838,1.297837724917918
2026-02-24,1.302613644481148,1.185036625683866,1.424980210268499,1.314628834542092,1.3040453234110159
2026-02-25,1.294383600020238,1.17948771776949,1.4187732184786277,1.3092487350035087,1.298269695869146
2026-02-26,1.3016697973608045,1.1889907707763374,1.4390703269163376,1.3066493934025565,1.2968416106403782
2026-02-27,1.3168175823185444,1.2005116193521825,1.4545557085237906,1.319567838674265,1.3109044697806924
2026-03-02,1.2944182714978958,1.1837294430524763,1.4305687548467239,1.319594342868903,1.3091319982686824
2026-03-03,1.282243244047232,1.1772321971132491,1.4286915812011514,1.304868767901917,1.2961259884838447
2026-03-04,1.2808354452615884,1.1729721003364644,1.431320649451289,1.3093411051069535,1.2999238725870617
2026-03-05,1.2632814922341242,1.163893487685036,1.4221387594545574,1.2910081950349022,1.2832205958601737
2026-03-06,1.2512581977138222,1.1628462979618892,1.4161660461266434,1.2894150455183275,1.2818396046992755
2026-03-09,1.242580045845835,1.1614883585375384,1.3982975621927205,1.2880333273104962,1.2784510754002774
2026-03-10,1.2459627101141695,1.1604145669453065,1.3971093402046506,1.286844898100605,1.2771311400062926
2026-03-11,1.2366630216012675,1.1543063708300938,1.3893439690443914,1.2827202321633822,1.2729576431694003
2026-03-12,1.215779248742028,1.152787816184973,1.38562940633863,1.2755846139260183,1.266844354146969
2026-03-13,1.2271557864435174,1.1532273233884867,1.3928368302240925,1.2812348244241134,1.2744627831633446
2026-03-16,1.2281860616984561,1.1523998962115864,1.387400207212278,1.2861399900757444,1.2779922288255952
2026-03-17,1.2304171858153938,1.1554142940283667,1.3917499184827578,1.2838030155324445,1.2758601283916085
2026-03-18,1.1986397797019681,1.1347826437385928,1.3559361720153376,1.2662072523164067,1.257103333461505
2026-03-19,1.184461692191676,1.1333715251347107,1.3520758046445653,1.256534697899715,1.2476998724513173
2026-03-20,1.1774135044645782,1.1282274166435429,1.3423791632440656,1.239234004892522,1.2309049537992713
2026-03-23,1.1902891983513317,1.1285343502960328,1.3561046034427169,1.2523621824352769,1.2435821595176908
2026-03-24,1.192238738312523,1.1267013733806022,1.3645286522960478,1.2543534061716164,1.2455116364466894
2026-03-25,1.203640675845458,1.1354189176020595,1.3854479614005704,1.2617250757081007,1.2526277798480254
2026-03-26,1.1924855084935129,1.1268885268574629,1.3732656173164308,1.257521159789627,1.2495580509017854
2026-03-27,1.1872264303648823,1.1262829081990422,1.370652429600823,1.2576161830786838,1.2495123418052922
2026-03-30,1.189430780415426,1.1312335002584823,1.365299237062767,1.253768921370202,1.246680185605219
2026-03-31,1.2002356406235177,1.1369847539669302,1.3780127589714284,1.2669812419848736,1.2577521311834887
2026-04-01,1.1966790865251926,1.1338704180567603,1.369640913954856,1.2683368917784201,1.2570020298964968
2026-04-02,1.1984387979638815,1.1410703891190568,1.3838346039409417,1.2694216266925997,1.26020392914172
2026-04-06,1.19255788268195,1.1345526265666939,1.3664497311318125,1.2731989253477087,1.2624841721644198
2026-04-07,1.1779985231886225,1.123234919627054,1.3480223062423444,1.2683815844891055,1.2569007892998598
2026-04-08,1.2174494745306108,1.1443968225972307,1.3849835061173301,1.2873969026924386,1.2747241103952915
2026-04-09,1.216229687294242,1.1450407658076922,1.372965769599982,1.292312198089124,1.2778800806375425
2026-04-10,1.206581591737733,1.1377007903626999,1.3627621124532447,1.2781294259398077,1.263564178375988
2026-04-13,1.2193549680950933,1.148809859753536,1.395918439179667,1.28131476258776,1.2676966127948164
2026-04-14,1.2187089597608687,1.1488908290425033,1.3910467594159965,1.2804685616958864,1.2658067974609593
2026-04-15,1.2190755174385142,1.1494250554756162,1.3970769297131769,1.2705457730574348,1.2574534712761674
2026-04-16,1.224306169176222,1.1563717363932078,1.4127398540990277,1.2687491759687255,1.2577282857050323
2026-04-17,1.246645353276121,1.1714642197027656,1.4344190303245936,1.2768585744815621,1.2659493170606888
2026-04-20,1.2364237614763969,1.1633734859075437,1.4201801722901173,1.2714720977982987,1.2598956580350003
2026-04-21,1.234693406930957,1.1708908910918983,1.452102066185103,1.2566865769806514,1.2477710778954456
2026-04-22,1.2143237831346363,1.1655161664002898,1.423868283703425,1.2526377048311785,1.242005952427549
2026-04-23,1.219810473743859,1.1693136383385208,1.420768041329833,1.2648018167876616,1.252434646757424
2026-04-24,1.2137488477546936,1.1697086024892662,1.4084641868961563,1.25563569229238,1.2425423305925
2026-04-27,1.2093800780064705,1.165498351277704,1.4044798825413516,1.2491553654354082,1.2359386445251077
2026-04-28,1.2276674357627624,1.1733412648579058,1.4162090834448946,1.2607095564350508,1.2478982840228938
2026-04-29,1.226351733223746,1.1751188725867183,1.4242351511792442,1.2593992976478354,1.2469859756196409
2026-04-30,1.2186841962798507,1.1898882617353839,1.4373995554537526,1.2864225276542882,1.2696908697478193
2026-05-01,1.2272209038277853,1.187740348972458,1.4422328718164141,1.2826756183671066,1.2668520357030388
2026-05-04,1.2107066708930636,1.1759458914464365,1.4278401349866854,1.2712848457055457,1.256245665805175
2026-05-05,1.2213164328796737,1.181275880554645,1.4427085569218376,1.2790326290106124,1.262589172483368
2026-05-06,1.2628642615001868,1.20915198369792,1.4844916228002933,1.2822796662877005,1.2659137506658151
2026-05-07,1.250304074765756,1.2003003829004457,1.466318845785341,1.271483039435629,1.2559146594723245
2026-05-08,1.2691712124035308,1.2187758327465372,1.5172116773907347,1.2634610643731918,1.2486290891344773
2026-05-11,1.241281185464893,1.1961259203126868,1.4723219328038821,1.2693488396953951,1.2510933370317283
2026-05-12,1.246270283705645,1.197986512066568,1.4642971189726068,1.2708708357349534,1.2527667473695652
2026-05-13,1.236515271454124,1.1950968534316397,1.4602159722495651,1.2720231390141299,1.25439267891531
2026-05-14,1.2305053689020315,1.192128382949988,1.4456337491209725,1.274052026887242,1.2553354135562775
2026-05-15,1.2134062343825773,1.1856729929579048,1.4322744660156348,1.2579110756477163,1.2404977336750076
2026-05-18,1.221169927226131,1.1921621262503939,1.4413137896960724,1.273007083775133,1.2570313242286992
2026-05-19,1.2100472519894112,1.1893036992416886,1.433184375322744,1.2749513089552627,1.2583935051668882
2026-05-20,1.2286516186539997,1.1954451220521676,1.4501381589547333,1.2759604881269984,1.2584701628262882
